INSERT INTO Customers (customer_id, name, email, join_date, region) VALUES (1, 'Richard Gonzalez', 'samanthabrown@example.net', '2025-01-14', 'North');
INSERT INTO Customers (customer_id, name, email, join_date, region) VALUES (2, 'Heather Mullins', 'melindawood@example.com', '2024-05-13', 'West');
INSERT INTO Customers (customer_id, name, email, join_date, region) VALUES (3, 'Elizabeth Stuart', 'lolson@example.org', '2024-07-16', 'North');
INSERT INTO Customers (customer_id, name, email, join_date, region) VALUES (4, 'Justin Wright', 'austinjones@example.net', '2025-06-06', 'West');
INSERT INTO Customers (customer_id, name, email, join_date, region) VALUES (5, 'Lawrence Bailey', 'frobinson@example.com', '2025-07-05', 'South');
INSERT INTO Customers (customer_id, name, email, join_date, region) VALUES (6, 'Tracie Walker', 'nicolegonzalez@example.net', '2023-12-02', 'North');
INSERT INTO Customers (customer_id, name, email, join_date, region) VALUES (7, 'Robert Hale', 'bburgess@example.net', '2023-11-19', 'North');
INSERT INTO Customers (customer_id, name, email, join_date, region) VALUES (8, 'Kevin Allen', 'christinewright@example.com', '2024-05-03', 'East');
INSERT INTO Customers (customer_id, name, email, join_date, region) VALUES (9, 'Jill Alvarado', 'santossarah@example.net', '2023-09-13', 'North');
INSERT INTO Customers (customer_id, name, email, join_date, region) VALUES (10, 'Tammy Chambers', 'christopherblevins@example.org', '2025-05-22', 'South');
INSERT INTO Customers (customer_id, name, email, join_date, region) VALUES (11, 'Ray Powell', 'colonthomas@example.org', '2025-05-04', 'East');
INSERT INTO Customers (customer_id, name, email, join_date, region) VALUES (12, 'Joseph Long', 'jessica78@example.com', '2025-04-17', 'North');
INSERT INTO Customers (customer_id, name, email, join_date, region) VALUES (13, 'Shannon Reeves', 'laurajones@example.org', '2024-11-14', 'South');
INSERT INTO Customers (customer_id, name, email, join_date, region) VALUES (14, 'Meredith Garrett', 'barkerangela@example.com', '2025-07-04', 'North');
INSERT INTO Customers (customer_id, name, email, join_date, region) VALUES (15, 'Jerry Vega', 'maynardjames@example.org', '2024-07-22', 'West');
INSERT INTO Customers (customer_id, name, email, join_date, region) VALUES (16, 'Daniel Chen', 'matthew49@example.org', '2023-09-25', 'West');
INSERT INTO Customers (customer_id, name, email, join_date, region) VALUES (17, 'James Woodard', 'heather64@example.org', '2024-03-23', 'South');
INSERT INTO Customers (customer_id, name, email, join_date, region) VALUES (18, 'Catherine Ruiz', 'jonesstacy@example.com', '2024-04-19', 'North');
INSERT INTO Customers (customer_id, name, email, join_date, region) VALUES (19, 'Heather Lewis', 'mooredebbie@example.net', '2024-12-03', 'East');
INSERT INTO Customers (customer_id, name, email, join_date, region) VALUES (20, 'Lisa Crawford', 'bcook@example.net', '2024-05-19', 'West');
INSERT INTO Customers (customer_id, name, email, join_date, region) VALUES (21, 'Mason Gonzales', 'xanderson@example.net', '2023-11-19', 'South');
INSERT INTO Customers (customer_id, name, email, join_date, region) VALUES (22, 'Bryan Johnson', 'morrowkevin@example.com', '2024-06-11', 'South');
INSERT INTO Customers (customer_id, name, email, join_date, region) VALUES (23, 'Laura Walker', 'ecain@example.net', '2023-09-22', 'East');
INSERT INTO Customers (customer_id, name, email, join_date, region) VALUES (24, 'Melanie Woodward', 'trevor28@example.org', '2024-01-14', 'South');
INSERT INTO Customers (customer_id, name, email, join_date, region) VALUES (25, 'John Howell', 'dustinstewart@example.net', '2024-08-13', 'West');
INSERT INTO Customers (customer_id, name, email, join_date, region) VALUES (26, 'Elizabeth Stewart', 'manuelwest@example.net', '2024-03-10', 'East');
INSERT INTO Customers (customer_id, name, email, join_date, region) VALUES (27, 'Laurie Garza', 'crosspaul@example.net', '2024-12-03', 'North');
INSERT INTO Customers (customer_id, name, email, join_date, region) VALUES (28, 'Tracy Meyer', 'wwilliams@example.com', '2025-03-25', 'North');
INSERT INTO Customers (customer_id, name, email, join_date, region) VALUES (29, 'Justin Middleton', 'hmorris@example.net', '2023-11-08', 'North');
INSERT INTO Customers (customer_id, name, email, join_date, region) VALUES (30, 'Joyce James', 'kennethwest@example.com', '2025-01-05', 'South');
INSERT INTO Customers (customer_id, name, email, join_date, region) VALUES (31, 'Anna Haley', 'michaelcain@example.org', '2024-09-17', 'West');
INSERT INTO Customers (customer_id, name, email, join_date, region) VALUES (32, 'Amanda Clark', 'afletcher@example.org', '2025-05-26', 'West');
INSERT INTO Customers (customer_id, name, email, join_date, region) VALUES (33, 'Richard Bryan', 'fowlermatthew@example.com', '2025-05-05', 'East');
INSERT INTO Customers (customer_id, name, email, join_date, region) VALUES (34, 'Brett Wood', 'hdiaz@example.org', '2025-04-13', 'East');
INSERT INTO Customers (customer_id, name, email, join_date, region) VALUES (35, 'Gerald Mcgrath', 'jenningssteven@example.org', '2024-07-07', 'South');
INSERT INTO Customers (customer_id, name, email, join_date, region) VALUES (36, 'Stephen Johnson', 'michaelhiggins@example.com', '2023-09-12', 'West');
INSERT INTO Customers (customer_id, name, email, join_date, region) VALUES (37, 'Mr. Noah King', 'gwagner@example.com', '2024-05-27', 'North');
INSERT INTO Customers (customer_id, name, email, join_date, region) VALUES (38, 'Oscar Oneal', 'jennifer04@example.net', '2025-05-29', 'South');
INSERT INTO Customers (customer_id, name, email, join_date, region) VALUES (39, 'Angela Banks', 'reynoldssteven@example.org', '2023-08-19', 'South');
INSERT INTO Customers (customer_id, name, email, join_date, region) VALUES (40, 'Daniel Rodriguez', 'jameskeller@example.com', '2025-06-25', 'North');
INSERT INTO Customers (customer_id, name, email, join_date, region) VALUES (41, 'John Willis', 'harrisstephanie@example.net', '2024-06-26', 'North');
INSERT INTO Customers (customer_id, name, email, join_date, region) VALUES (42, 'Patricia Brewer', 'adamandrews@example.org', '2024-06-05', 'South');
INSERT INTO Customers (customer_id, name, email, join_date, region) VALUES (43, 'Hunter Holt', 'pperry@example.org', '2024-10-21', 'North');
INSERT INTO Customers (customer_id, name, email, join_date, region) VALUES (44, 'Kimberly Wong', 'elandry@example.org', '2024-07-07', 'South');
INSERT INTO Customers (customer_id, name, email, join_date, region) VALUES (45, 'Susan Lowery', 'pamela23@example.org', '2024-08-22', 'East');
INSERT INTO Customers (customer_id, name, email, join_date, region) VALUES (46, 'Sharon Le', 'sandovaljenna@example.net', '2024-01-05', 'North');
INSERT INTO Customers (customer_id, name, email, join_date, region) VALUES (47, 'Kevin Smith', 'mitchelljanet@example.net', '2025-03-27', 'East');
INSERT INTO Customers (customer_id, name, email, join_date, region) VALUES (48, 'Ashley Kerr', 'danielsmith@example.com', '2025-06-28', 'North');
INSERT INTO Customers (customer_id, name, email, join_date, region) VALUES (49, 'Julie Oliver', 'robinsonkelly@example.net', '2024-11-06', 'North');
INSERT INTO Customers (customer_id, name, email, join_date, region) VALUES (50, 'Christopher Silva', 'morangloria@example.net', '2023-09-14', 'North');
INSERT INTO Customers (customer_id, name, email, join_date, region) VALUES (51, 'Lynn Miller', 'sweeneykaren@example.net', '2024-03-25', 'North');
INSERT INTO Customers (customer_id, name, email, join_date, region) VALUES (52, 'Melanie Ibarra', 'reedrachel@example.net', '2025-05-08', 'West');
INSERT INTO Customers (customer_id, name, email, join_date, region) VALUES (53, 'Valerie Jenkins', 'christopher99@example.net', '2023-12-10', 'South');
INSERT INTO Customers (customer_id, name, email, join_date, region) VALUES (54, 'Kathryn Kelly', 'halealexandra@example.com', '2023-09-29', 'North');
INSERT INTO Customers (customer_id, name, email, join_date, region) VALUES (55, 'Crystal Graves', 'donna85@example.com', '2023-10-03', 'North');
INSERT INTO Customers (customer_id, name, email, join_date, region) VALUES (56, 'Jamie Velazquez', 'williamsonvicki@example.org', '2025-03-16', 'East');
INSERT INTO Customers (customer_id, name, email, join_date, region) VALUES (57, 'Patricia Thomas', 'michealmartinez@example.org', '2023-10-26', 'North');
INSERT INTO Customers (customer_id, name, email, join_date, region) VALUES (58, 'Jose Tapia', 'jerryolson@example.net', '2023-11-09', 'South');
INSERT INTO Customers (customer_id, name, email, join_date, region) VALUES (59, 'Shelby Hill', 'thomassharp@example.org', '2023-09-25', 'West');
INSERT INTO Customers (customer_id, name, email, join_date, region) VALUES (60, 'Sarah Welch', 'jenny32@example.org', '2023-12-19', 'East');
INSERT INTO Customers (customer_id, name, email, join_date, region) VALUES (61, 'Joseph Hughes', 'blackkenneth@example.org', '2024-11-30', 'South');
INSERT INTO Customers (customer_id, name, email, join_date, region) VALUES (62, 'Tiffany Taylor', 'brownjessica@example.org', '2024-04-13', 'East');
INSERT INTO Customers (customer_id, name, email, join_date, region) VALUES (63, 'Teresa Walls', 'ebrooks@example.org', '2023-10-30', 'East');
INSERT INTO Customers (customer_id, name, email, join_date, region) VALUES (64, 'Jeremiah Young', 'owenserin@example.org', '2024-05-29', 'South');
INSERT INTO Customers (customer_id, name, email, join_date, region) VALUES (65, 'Jeffrey Reyes', 'tuckerjacqueline@example.net', '2023-09-30', 'East');
INSERT INTO Customers (customer_id, name, email, join_date, region) VALUES (66, 'Nicole Burke PhD', 'ethomas@example.net', '2024-11-26', 'East');
INSERT INTO Customers (customer_id, name, email, join_date, region) VALUES (67, 'Paul Cabrera', 'ricardoanderson@example.net', '2024-12-31', 'South');
INSERT INTO Customers (customer_id, name, email, join_date, region) VALUES (68, 'Diamond Nguyen', 'sheliaberry@example.org', '2024-07-09', 'North');
INSERT INTO Customers (customer_id, name, email, join_date, region) VALUES (69, 'Rebecca Foster', 'natasha80@example.com', '2025-04-07', 'East');
INSERT INTO Customers (customer_id, name, email, join_date, region) VALUES (70, 'Diane Walsh', 'bakerreginald@example.org', '2023-11-30', 'East');
INSERT INTO Customers (customer_id, name, email, join_date, region) VALUES (71, 'Melanie Morris', 'agillespie@example.com', '2024-11-23', 'East');
INSERT INTO Customers (customer_id, name, email, join_date, region) VALUES (72, 'Bruce Rice', 'jodyhuber@example.net', '2025-01-24', 'South');
INSERT INTO Customers (customer_id, name, email, join_date, region) VALUES (73, 'Andrew Dyer', 'qhall@example.org', '2024-05-29', 'West');
INSERT INTO Customers (customer_id, name, email, join_date, region) VALUES (74, 'Brad Mullen', 'jerrydawson@example.net', '2025-05-31', 'West');
INSERT INTO Customers (customer_id, name, email, join_date, region) VALUES (75, 'Linda Perez', 'mackenziereese@example.org', '2023-12-06', 'West');
INSERT INTO Customers (customer_id, name, email, join_date, region) VALUES (76, 'Donald Little', 'billy34@example.net', '2023-08-30', 'West');
INSERT INTO Customers (customer_id, name, email, join_date, region) VALUES (77, 'Kevin Meyers', 'xhawkins@example.org', '2024-07-10', 'North');
INSERT INTO Customers (customer_id, name, email, join_date, region) VALUES (78, 'Joshua Williams', 'maxwellamanda@example.com', '2025-02-03', 'West');
INSERT INTO Customers (customer_id, name, email, join_date, region) VALUES (79, 'Ashley Sanford', 'gonzaleslauren@example.com', '2023-11-02', 'South');
INSERT INTO Customers (customer_id, name, email, join_date, region) VALUES (80, 'Jeremy Patton', 'ericelliott@example.com', '2024-02-03', 'North');
INSERT INTO Customers (customer_id, name, email, join_date, region) VALUES (81, 'Tracie Vasquez', 'monicahernandez@example.org', '2023-12-31', 'South');
INSERT INTO Customers (customer_id, name, email, join_date, region) VALUES (82, 'Rachael Medina DDS', 'pam78@example.org', '2025-02-23', 'South');
INSERT INTO Customers (customer_id, name, email, join_date, region) VALUES (83, 'Jeffrey Wheeler', 'ethanjohnson@example.org', '2024-05-09', 'North');
INSERT INTO Customers (customer_id, name, email, join_date, region) VALUES (84, 'Savannah Daniels', 'leah34@example.com', '2024-08-25', 'East');
INSERT INTO Customers (customer_id, name, email, join_date, region) VALUES (85, 'Destiny Sutton', 'jonathan06@example.net', '2024-11-30', 'South');
INSERT INTO Customers (customer_id, name, email, join_date, region) VALUES (86, 'David Richardson', 'rogersandrew@example.net', '2025-02-17', 'West');
INSERT INTO Customers (customer_id, name, email, join_date, region) VALUES (87, 'Nicholas Wise', 'kathleenparker@example.net', '2024-03-03', 'East');
INSERT INTO Customers (customer_id, name, email, join_date, region) VALUES (88, 'April Newman', 'johnny03@example.net', '2024-02-25', 'East');
INSERT INTO Customers (customer_id, name, email, join_date, region) VALUES (89, 'Bob Holt', 'pwalsh@example.com', '2024-12-05', 'South');
INSERT INTO Customers (customer_id, name, email, join_date, region) VALUES (90, 'Joseph Pruitt', 'qmiller@example.net', '2025-07-09', 'South');
INSERT INTO Customers (customer_id, name, email, join_date, region) VALUES (91, 'Jacob King', 'joshuadunn@example.net', '2023-09-18', 'South');
INSERT INTO Customers (customer_id, name, email, join_date, region) VALUES (92, 'Kevin Klein', 'bbennett@example.com', '2024-05-31', 'West');
INSERT INTO Customers (customer_id, name, email, join_date, region) VALUES (93, 'Gabriela Palmer', 'jenna91@example.org', '2025-01-24', 'North');
INSERT INTO Customers (customer_id, name, email, join_date, region) VALUES (94, 'Mark Campbell', 'dariuswyatt@example.net', '2025-01-13', 'East');
INSERT INTO Customers (customer_id, name, email, join_date, region) VALUES (95, 'Matthew Floyd', 'pmontes@example.org', '2024-07-11', 'South');
INSERT INTO Customers (customer_id, name, email, join_date, region) VALUES (96, 'Lydia Moreno', 'oball@example.com', '2024-07-03', 'East');
INSERT INTO Customers (customer_id, name, email, join_date, region) VALUES (97, 'Daniel Elliott', 'egonzalez@example.net', '2024-08-15', 'East');
INSERT INTO Customers (customer_id, name, email, join_date, region) VALUES (98, 'Dylan Malone', 'sharon59@example.org', '2024-04-09', 'North');
INSERT INTO Customers (customer_id, name, email, join_date, region) VALUES (99, 'Susan Foley', 'hunter76@example.net', '2024-07-12', 'North');
INSERT INTO Customers (customer_id, name, email, join_date, region) VALUES (100, 'Joseph Hendrix', 'seth34@example.net', '2025-07-07', 'North');
INSERT INTO Customers (customer_id, name, email, join_date, region) VALUES (101, 'Kathryn Henderson', 'kayleefleming@example.com', '2023-10-29', 'South');
INSERT INTO Customers (customer_id, name, email, join_date, region) VALUES (102, 'Brittany Reynolds', 'jonesnancy@example.net', '2023-11-20', 'West');
INSERT INTO Customers (customer_id, name, email, join_date, region) VALUES (103, 'Mrs. Lindsey Johnson', 'gracemartinez@example.net', '2024-08-19', 'South');
INSERT INTO Customers (customer_id, name, email, join_date, region) VALUES (104, 'Angela Decker', 'heather10@example.com', '2024-11-22', 'North');
INSERT INTO Customers (customer_id, name, email, join_date, region) VALUES (105, 'Mary Kim', 'adamsdonald@example.net', '2023-09-21', 'East');
INSERT INTO Customers (customer_id, name, email, join_date, region) VALUES (106, 'Heidi Carter', 'annejohnson@example.com', '2024-11-27', 'North');
INSERT INTO Customers (customer_id, name, email, join_date, region) VALUES (107, 'Tracy Grant', 'alloyd@example.net', '2024-03-14', 'East');
INSERT INTO Customers (customer_id, name, email, join_date, region) VALUES (108, 'Jeremy Dunn', 'julia92@example.net', '2025-05-01', 'North');
INSERT INTO Customers (customer_id, name, email, join_date, region) VALUES (109, 'Elizabeth Miller', 'shannonsuzanne@example.net', '2025-06-23', 'North');
INSERT INTO Customers (customer_id, name, email, join_date, region) VALUES (110, 'Nicholas Perry', 'ycruz@example.net', '2023-09-01', 'North');
INSERT INTO Customers (customer_id, name, email, join_date, region) VALUES (111, 'Anna Parrish', 'amartinez@example.net', '2024-03-22', 'West');
INSERT INTO Customers (customer_id, name, email, join_date, region) VALUES (112, 'Teresa Pace', 'jonathan53@example.com', '2024-08-19', 'South');
INSERT INTO Customers (customer_id, name, email, join_date, region) VALUES (113, 'Rebecca Austin', 'robertsonashley@example.org', '2024-03-26', 'South');
INSERT INTO Customers (customer_id, name, email, join_date, region) VALUES (114, 'Breanna Fernandez', 'hicksjoseph@example.com', '2025-07-18', 'South');
INSERT INTO Customers (customer_id, name, email, join_date, region) VALUES (115, 'Colleen Davis', 'watsonbrian@example.com', '2024-11-22', 'West');
INSERT INTO Customers (customer_id, name, email, join_date, region) VALUES (116, 'Joshua Lopez', 'alyssaalvarez@example.net', '2025-07-20', 'North');
INSERT INTO Customers (customer_id, name, email, join_date, region) VALUES (117, 'Michael Ryan', 'david98@example.org', '2023-09-05', 'North');
INSERT INTO Customers (customer_id, name, email, join_date, region) VALUES (118, 'Christopher Hernandez', 'barbaraweeks@example.org', '2024-03-22', 'South');
INSERT INTO Customers (customer_id, name, email, join_date, region) VALUES (119, 'Lisa Anderson', 'reedchristina@example.net', '2025-06-05', 'South');
INSERT INTO Customers (customer_id, name, email, join_date, region) VALUES (120, 'Caleb Reyes', 'uvaldez@example.net', '2024-06-17', 'East');
INSERT INTO Customers (customer_id, name, email, join_date, region) VALUES (121, 'Jason King', 'bfletcher@example.net', '2025-01-04', 'West');
INSERT INTO Customers (customer_id, name, email, join_date, region) VALUES (122, 'Joseph Holt', 'fordchad@example.org', '2024-10-01', 'North');
INSERT INTO Customers (customer_id, name, email, join_date, region) VALUES (123, 'Christopher Allen', 'scott72@example.org', '2024-03-21', 'West');
INSERT INTO Customers (customer_id, name, email, join_date, region) VALUES (124, 'Laurie Smith', 'ajohnson@example.org', '2025-03-21', 'West');
INSERT INTO Customers (customer_id, name, email, join_date, region) VALUES (125, 'John Robertson', 'isabella34@example.org', '2024-06-11', 'North');
INSERT INTO Customers (customer_id, name, email, join_date, region) VALUES (126, 'Matthew Farmer', 'stevewilkins@example.com', '2025-04-08', 'West');
INSERT INTO Customers (customer_id, name, email, join_date, region) VALUES (127, 'Cody Hansen', 'stephanie61@example.com', '2023-10-29', 'North');
INSERT INTO Customers (customer_id, name, email, join_date, region) VALUES (128, 'Bailey Abbott', 'rogerschristopher@example.net', '2025-02-11', 'South');
INSERT INTO Customers (customer_id, name, email, join_date, region) VALUES (129, 'Dennis Morris', 'shannon36@example.com', '2025-05-16', 'North');
INSERT INTO Customers (customer_id, name, email, join_date, region) VALUES (130, 'David Rodriguez', 'lopezjesse@example.org', '2024-08-31', 'East');
INSERT INTO Customers (customer_id, name, email, join_date, region) VALUES (131, 'Neil Ramos', 'hgibson@example.org', '2025-06-07', 'North');
INSERT INTO Customers (customer_id, name, email, join_date, region) VALUES (132, 'Kim Rice', 'tmorales@example.org', '2023-10-06', 'West');
INSERT INTO Customers (customer_id, name, email, join_date, region) VALUES (133, 'Angela Velazquez', 'rebeccahancock@example.com', '2024-05-28', 'South');
INSERT INTO Customers (customer_id, name, email, join_date, region) VALUES (134, 'Sara Cox', 'leslie15@example.org', '2024-05-24', 'South');
INSERT INTO Customers (customer_id, name, email, join_date, region) VALUES (135, 'Kimberly Haynes', 'lopezbrittney@example.com', '2023-11-30', 'North');
INSERT INTO Customers (customer_id, name, email, join_date, region) VALUES (136, 'Colin Nguyen', 'ylynch@example.com', '2025-02-16', 'South');
INSERT INTO Customers (customer_id, name, email, join_date, region) VALUES (137, 'Anthony Valenzuela', 'alexandria88@example.com', '2025-07-16', 'North');
INSERT INTO Customers (customer_id, name, email, join_date, region) VALUES (138, 'Luke Ross', 'pateljustin@example.net', '2023-11-21', 'North');
INSERT INTO Customers (customer_id, name, email, join_date, region) VALUES (139, 'Timothy Jordan', 'jason66@example.com', '2024-04-05', 'West');
INSERT INTO Customers (customer_id, name, email, join_date, region) VALUES (140, 'Randy Wolf', 'michaelle@example.org', '2024-09-12', 'East');
INSERT INTO Customers (customer_id, name, email, join_date, region) VALUES (141, 'Stephen Winters', 'sarah74@example.com', '2025-03-22', 'West');
INSERT INTO Customers (customer_id, name, email, join_date, region) VALUES (142, 'James Contreras', 'townsendnancy@example.net', '2025-03-18', 'West');
INSERT INTO Customers (customer_id, name, email, join_date, region) VALUES (143, 'Kayla Kelly', 'awalton@example.org', '2024-05-12', 'West');
INSERT INTO Customers (customer_id, name, email, join_date, region) VALUES (144, 'Mary Ramirez', 'rhondachandler@example.com', '2025-02-17', 'South');
INSERT INTO Customers (customer_id, name, email, join_date, region) VALUES (145, 'Jim Mason', 'hbennett@example.org', '2025-07-22', 'South');
INSERT INTO Customers (customer_id, name, email, join_date, region) VALUES (146, 'William Richardson', 'mendozaronald@example.com', '2023-12-02', 'South');
INSERT INTO Customers (customer_id, name, email, join_date, region) VALUES (147, 'Carolyn Ortiz', 'jamesspears@example.com', '2023-07-29', 'West');
INSERT INTO Customers (customer_id, name, email, join_date, region) VALUES (148, 'Michael Leon', 'nrichardson@example.org', '2025-01-05', 'West');
INSERT INTO Customers (customer_id, name, email, join_date, region) VALUES (149, 'Karen Silva', 'pittsrobert@example.net', '2024-08-22', 'South');
INSERT INTO Customers (customer_id, name, email, join_date, region) VALUES (150, 'Cheryl Brown', 'linda50@example.org', '2024-08-21', 'West');
INSERT INTO Products (product_id, name, category, price, stock_qty) VALUES (1, 'Sell', 'Electronics', 119, 65);
INSERT INTO Products (product_id, name, category, price, stock_qty) VALUES (2, 'Turn', 'Clothing', 404, 150);
INSERT INTO Products (product_id, name, category, price, stock_qty) VALUES (3, 'System', 'Home', 66, 185);
INSERT INTO Products (product_id, name, category, price, stock_qty) VALUES (4, 'Yes', 'Home', 307, 293);
INSERT INTO Products (product_id, name, category, price, stock_qty) VALUES (5, 'Although', 'Books', 42, 102);
INSERT INTO Products (product_id, name, category, price, stock_qty) VALUES (6, 'Direction', 'Books', 305, 391);
INSERT INTO Products (product_id, name, category, price, stock_qty) VALUES (7, 'System', 'Books', 450, 311);
INSERT INTO Products (product_id, name, category, price, stock_qty) VALUES (8, 'Customer', 'Clothing', 479, 345);
INSERT INTO Products (product_id, name, category, price, stock_qty) VALUES (9, 'Ago', 'Electronics', 270, 341);
INSERT INTO Products (product_id, name, category, price, stock_qty) VALUES (10, 'Production', 'Toys', 378, 98);
INSERT INTO Products (product_id, name, category, price, stock_qty) VALUES (11, 'Rate', 'Clothing', 59, 478);
INSERT INTO Products (product_id, name, category, price, stock_qty) VALUES (12, 'Front', 'Toys', 90, 197);
INSERT INTO Products (product_id, name, category, price, stock_qty) VALUES (13, 'First', 'Electronics', 69, 253);
INSERT INTO Products (product_id, name, category, price, stock_qty) VALUES (14, 'How', 'Home', 153, 106);
INSERT INTO Products (product_id, name, category, price, stock_qty) VALUES (15, 'Unit', 'Electronics', 46, 144);
INSERT INTO Products (product_id, name, category, price, stock_qty) VALUES (16, 'Marriage', 'Toys', 160, 122);
INSERT INTO Products (product_id, name, category, price, stock_qty) VALUES (17, 'Sure', 'Home', 155, 125);
INSERT INTO Products (product_id, name, category, price, stock_qty) VALUES (18, 'Even', 'Clothing', 316, 464);
INSERT INTO Products (product_id, name, category, price, stock_qty) VALUES (19, 'Field', 'Toys', 350, 471);
INSERT INTO Products (product_id, name, category, price, stock_qty) VALUES (20, 'Maybe', 'Electronics', 32, 94);
INSERT INTO Products (product_id, name, category, price, stock_qty) VALUES (21, 'Large', 'Toys', 395, 210);
INSERT INTO Products (product_id, name, category, price, stock_qty) VALUES (22, 'Sometimes', 'Books', 405, 259);
INSERT INTO Products (product_id, name, category, price, stock_qty) VALUES (23, 'Through', 'Home', 224, 476);
INSERT INTO Products (product_id, name, category, price, stock_qty) VALUES (24, 'Cost', 'Home', 159, 167);
INSERT INTO Products (product_id, name, category, price, stock_qty) VALUES (25, 'Difference', 'Books', 492, 106);
INSERT INTO Products (product_id, name, category, price, stock_qty) VALUES (26, 'Without', 'Toys', 49, 485);
INSERT INTO Products (product_id, name, category, price, stock_qty) VALUES (27, 'Majority', 'Home', 283, 352);
INSERT INTO Products (product_id, name, category, price, stock_qty) VALUES (28, 'Whether', 'Books', 127, 389);
INSERT INTO Products (product_id, name, category, price, stock_qty) VALUES (29, 'Daughter', 'Home', 296, 463);
INSERT INTO Products (product_id, name, category, price, stock_qty) VALUES (30, 'Red', 'Toys', 248, 236);
INSERT INTO Orders (order_id, customer_id, order_date, order_status) VALUES (1, 103, '2025-06-16', 'Returned');
INSERT INTO Orders (order_id, customer_id, order_date, order_status) VALUES (2, 57, '2024-11-01', 'Completed');
INSERT INTO Orders (order_id, customer_id, order_date, order_status) VALUES (3, 145, '2025-03-28', 'Completed');
INSERT INTO Orders (order_id, customer_id, order_date, order_status) VALUES (4, 36, '2025-01-17', 'Completed');
INSERT INTO Orders (order_id, customer_id, order_date, order_status) VALUES (5, 31, '2024-09-12', 'Returned');
INSERT INTO Orders (order_id, customer_id, order_date, order_status) VALUES (6, 126, '2025-07-22', 'Returned');
INSERT INTO Orders (order_id, customer_id, order_date, order_status) VALUES (7, 143, '2024-12-25', 'Cancelled');
INSERT INTO Orders (order_id, customer_id, order_date, order_status) VALUES (8, 58, '2025-01-23', 'Completed');
INSERT INTO Orders (order_id, customer_id, order_date, order_status) VALUES (9, 80, '2024-08-19', 'Returned');
INSERT INTO Orders (order_id, customer_id, order_date, order_status) VALUES (10, 48, '2025-06-20', 'Completed');
INSERT INTO Orders (order_id, customer_id, order_date, order_status) VALUES (11, 24, '2024-09-06', 'Cancelled');
INSERT INTO Orders (order_id, customer_id, order_date, order_status) VALUES (12, 58, '2025-06-14', 'Returned');
INSERT INTO Orders (order_id, customer_id, order_date, order_status) VALUES (13, 4, '2025-01-05', 'Cancelled');
INSERT INTO Orders (order_id, customer_id, order_date, order_status) VALUES (14, 23, '2025-04-16', 'Returned');
INSERT INTO Orders (order_id, customer_id, order_date, order_status) VALUES (15, 8, '2025-01-12', 'Cancelled');
INSERT INTO Orders (order_id, customer_id, order_date, order_status) VALUES (16, 17, '2025-03-28', 'Completed');
INSERT INTO Orders (order_id, customer_id, order_date, order_status) VALUES (17, 59, '2025-04-29', 'Cancelled');
INSERT INTO Orders (order_id, customer_id, order_date, order_status) VALUES (18, 4, '2025-01-17', 'Cancelled');
INSERT INTO Orders (order_id, customer_id, order_date, order_status) VALUES (19, 150, '2024-08-22', 'Completed');
INSERT INTO Orders (order_id, customer_id, order_date, order_status) VALUES (20, 29, '2024-09-18', 'Completed');
INSERT INTO Orders (order_id, customer_id, order_date, order_status) VALUES (21, 62, '2024-11-15', 'Completed');
INSERT INTO Orders (order_id, customer_id, order_date, order_status) VALUES (22, 139, '2025-03-19', 'Cancelled');
INSERT INTO Orders (order_id, customer_id, order_date, order_status) VALUES (23, 24, '2024-10-23', 'Completed');
INSERT INTO Orders (order_id, customer_id, order_date, order_status) VALUES (24, 68, '2025-01-15', 'Returned');
INSERT INTO Orders (order_id, customer_id, order_date, order_status) VALUES (25, 115, '2025-02-14', 'Returned');
INSERT INTO Orders (order_id, customer_id, order_date, order_status) VALUES (26, 110, '2025-05-21', 'Returned');
INSERT INTO Orders (order_id, customer_id, order_date, order_status) VALUES (27, 99, '2025-04-03', 'Completed');
INSERT INTO Orders (order_id, customer_id, order_date, order_status) VALUES (28, 92, '2024-09-27', 'Cancelled');
INSERT INTO Orders (order_id, customer_id, order_date, order_status) VALUES (29, 13, '2024-08-20', 'Cancelled');
INSERT INTO Orders (order_id, customer_id, order_date, order_status) VALUES (30, 33, '2025-05-28', 'Returned');
INSERT INTO Orders (order_id, customer_id, order_date, order_status) VALUES (31, 150, '2025-06-12', 'Returned');
INSERT INTO Orders (order_id, customer_id, order_date, order_status) VALUES (32, 54, '2025-06-06', 'Returned');
INSERT INTO Orders (order_id, customer_id, order_date, order_status) VALUES (33, 129, '2024-07-28', 'Cancelled');
INSERT INTO Orders (order_id, customer_id, order_date, order_status) VALUES (34, 144, '2024-11-10', 'Cancelled');
INSERT INTO Orders (order_id, customer_id, order_date, order_status) VALUES (35, 70, '2024-10-30', 'Returned');
INSERT INTO Orders (order_id, customer_id, order_date, order_status) VALUES (36, 46, '2025-06-15', 'Cancelled');
INSERT INTO Orders (order_id, customer_id, order_date, order_status) VALUES (37, 33, '2024-09-15', 'Cancelled');
INSERT INTO Orders (order_id, customer_id, order_date, order_status) VALUES (38, 35, '2024-08-10', 'Returned');
INSERT INTO Orders (order_id, customer_id, order_date, order_status) VALUES (39, 9, '2025-02-17', 'Cancelled');
INSERT INTO Orders (order_id, customer_id, order_date, order_status) VALUES (40, 59, '2025-03-22', 'Completed');
INSERT INTO Orders (order_id, customer_id, order_date, order_status) VALUES (41, 90, '2024-12-14', 'Returned');
INSERT INTO Orders (order_id, customer_id, order_date, order_status) VALUES (42, 90, '2025-04-30', 'Returned');
INSERT INTO Orders (order_id, customer_id, order_date, order_status) VALUES (43, 41, '2025-01-25', 'Completed');
INSERT INTO Orders (order_id, customer_id, order_date, order_status) VALUES (44, 139, '2025-01-27', 'Cancelled');
INSERT INTO Orders (order_id, customer_id, order_date, order_status) VALUES (45, 66, '2025-06-06', 'Cancelled');
INSERT INTO Orders (order_id, customer_id, order_date, order_status) VALUES (46, 69, '2024-10-08', 'Cancelled');
INSERT INTO Orders (order_id, customer_id, order_date, order_status) VALUES (47, 64, '2024-07-24', 'Returned');
INSERT INTO Orders (order_id, customer_id, order_date, order_status) VALUES (48, 61, '2025-03-22', 'Cancelled');
INSERT INTO Orders (order_id, customer_id, order_date, order_status) VALUES (49, 23, '2025-03-09', 'Returned');
INSERT INTO Orders (order_id, customer_id, order_date, order_status) VALUES (50, 74, '2025-04-13', 'Returned');
INSERT INTO Orders (order_id, customer_id, order_date, order_status) VALUES (51, 25, '2025-04-25', 'Completed');
INSERT INTO Orders (order_id, customer_id, order_date, order_status) VALUES (52, 48, '2025-06-15', 'Cancelled');
INSERT INTO Orders (order_id, customer_id, order_date, order_status) VALUES (53, 103, '2025-07-10', 'Returned');
INSERT INTO Orders (order_id, customer_id, order_date, order_status) VALUES (54, 72, '2025-04-17', 'Cancelled');
INSERT INTO Orders (order_id, customer_id, order_date, order_status) VALUES (55, 122, '2025-06-18', 'Cancelled');
INSERT INTO Orders (order_id, customer_id, order_date, order_status) VALUES (56, 95, '2024-12-25', 'Completed');
INSERT INTO Orders (order_id, customer_id, order_date, order_status) VALUES (57, 146, '2024-11-17', 'Cancelled');
INSERT INTO Orders (order_id, customer_id, order_date, order_status) VALUES (58, 47, '2024-10-17', 'Cancelled');
INSERT INTO Orders (order_id, customer_id, order_date, order_status) VALUES (59, 124, '2025-05-16', 'Cancelled');
INSERT INTO Orders (order_id, customer_id, order_date, order_status) VALUES (60, 105, '2025-01-03', 'Cancelled');
INSERT INTO Orders (order_id, customer_id, order_date, order_status) VALUES (61, 15, '2024-10-29', 'Cancelled');
INSERT INTO Orders (order_id, customer_id, order_date, order_status) VALUES (62, 24, '2025-02-07', 'Cancelled');
INSERT INTO Orders (order_id, customer_id, order_date, order_status) VALUES (63, 19, '2025-04-29', 'Cancelled');
INSERT INTO Orders (order_id, customer_id, order_date, order_status) VALUES (64, 139, '2025-02-18', 'Returned');
INSERT INTO Orders (order_id, customer_id, order_date, order_status) VALUES (65, 34, '2025-05-29', 'Returned');
INSERT INTO Orders (order_id, customer_id, order_date, order_status) VALUES (66, 106, '2024-09-30', 'Cancelled');
INSERT INTO Orders (order_id, customer_id, order_date, order_status) VALUES (67, 121, '2025-07-08', 'Completed');
INSERT INTO Orders (order_id, customer_id, order_date, order_status) VALUES (68, 113, '2025-06-11', 'Returned');
INSERT INTO Orders (order_id, customer_id, order_date, order_status) VALUES (69, 93, '2024-11-21', 'Returned');
INSERT INTO Orders (order_id, customer_id, order_date, order_status) VALUES (70, 18, '2024-10-25', 'Completed');
INSERT INTO Orders (order_id, customer_id, order_date, order_status) VALUES (71, 71, '2025-05-12', 'Completed');
INSERT INTO Orders (order_id, customer_id, order_date, order_status) VALUES (72, 101, '2025-01-30', 'Returned');
INSERT INTO Orders (order_id, customer_id, order_date, order_status) VALUES (73, 84, '2025-03-26', 'Cancelled');
INSERT INTO Orders (order_id, customer_id, order_date, order_status) VALUES (74, 122, '2025-05-29', 'Returned');
INSERT INTO Orders (order_id, customer_id, order_date, order_status) VALUES (75, 149, '2025-06-02', 'Completed');
INSERT INTO Orders (order_id, customer_id, order_date, order_status) VALUES (76, 113, '2025-04-25', 'Completed');
INSERT INTO Orders (order_id, customer_id, order_date, order_status) VALUES (77, 104, '2025-04-16', 'Cancelled');
INSERT INTO Orders (order_id, customer_id, order_date, order_status) VALUES (78, 39, '2024-08-16', 'Cancelled');
INSERT INTO Orders (order_id, customer_id, order_date, order_status) VALUES (79, 98, '2025-06-10', 'Cancelled');
INSERT INTO Orders (order_id, customer_id, order_date, order_status) VALUES (80, 128, '2025-02-21', 'Cancelled');
INSERT INTO Orders (order_id, customer_id, order_date, order_status) VALUES (81, 22, '2025-02-05', 'Returned');
INSERT INTO Orders (order_id, customer_id, order_date, order_status) VALUES (82, 127, '2024-08-28', 'Completed');
INSERT INTO Orders (order_id, customer_id, order_date, order_status) VALUES (83, 95, '2025-01-21', 'Completed');
INSERT INTO Orders (order_id, customer_id, order_date, order_status) VALUES (84, 8, '2025-04-17', 'Completed');
INSERT INTO Orders (order_id, customer_id, order_date, order_status) VALUES (85, 68, '2025-06-23', 'Returned');
INSERT INTO Orders (order_id, customer_id, order_date, order_status) VALUES (86, 124, '2024-08-10', 'Cancelled');
INSERT INTO Orders (order_id, customer_id, order_date, order_status) VALUES (87, 62, '2024-11-08', 'Completed');
INSERT INTO Orders (order_id, customer_id, order_date, order_status) VALUES (88, 73, '2025-02-17', 'Cancelled');
INSERT INTO Orders (order_id, customer_id, order_date, order_status) VALUES (89, 83, '2024-09-24', 'Cancelled');
INSERT INTO Orders (order_id, customer_id, order_date, order_status) VALUES (90, 142, '2025-04-27', 'Completed');
INSERT INTO Orders (order_id, customer_id, order_date, order_status) VALUES (91, 7, '2025-07-13', 'Completed');
INSERT INTO Orders (order_id, customer_id, order_date, order_status) VALUES (92, 143, '2024-07-31', 'Completed');
INSERT INTO Orders (order_id, customer_id, order_date, order_status) VALUES (93, 90, '2025-04-22', 'Completed');
INSERT INTO Orders (order_id, customer_id, order_date, order_status) VALUES (94, 95, '2024-12-21', 'Completed');
INSERT INTO Orders (order_id, customer_id, order_date, order_status) VALUES (95, 127, '2024-10-30', 'Cancelled');
INSERT INTO Orders (order_id, customer_id, order_date, order_status) VALUES (96, 91, '2024-10-16', 'Returned');
INSERT INTO Orders (order_id, customer_id, order_date, order_status) VALUES (97, 94, '2025-03-02', 'Cancelled');
INSERT INTO Orders (order_id, customer_id, order_date, order_status) VALUES (98, 147, '2025-07-23', 'Cancelled');
INSERT INTO Orders (order_id, customer_id, order_date, order_status) VALUES (99, 58, '2025-05-16', 'Cancelled');
INSERT INTO Orders (order_id, customer_id, order_date, order_status) VALUES (100, 142, '2024-11-24', 'Completed');
INSERT INTO Orders (order_id, customer_id, order_date, order_status) VALUES (101, 114, '2025-01-14', 'Cancelled');
INSERT INTO Orders (order_id, customer_id, order_date, order_status) VALUES (102, 64, '2025-03-10', 'Cancelled');
INSERT INTO Orders (order_id, customer_id, order_date, order_status) VALUES (103, 53, '2024-07-24', 'Cancelled');
INSERT INTO Orders (order_id, customer_id, order_date, order_status) VALUES (104, 82, '2025-03-29', 'Cancelled');
INSERT INTO Orders (order_id, customer_id, order_date, order_status) VALUES (105, 41, '2025-03-21', 'Cancelled');
INSERT INTO Orders (order_id, customer_id, order_date, order_status) VALUES (106, 64, '2024-09-04', 'Returned');
INSERT INTO Orders (order_id, customer_id, order_date, order_status) VALUES (107, 66, '2025-07-14', 'Returned');
INSERT INTO Orders (order_id, customer_id, order_date, order_status) VALUES (108, 96, '2025-03-01', 'Cancelled');
INSERT INTO Orders (order_id, customer_id, order_date, order_status) VALUES (109, 45, '2024-07-23', 'Returned');
INSERT INTO Orders (order_id, customer_id, order_date, order_status) VALUES (110, 97, '2024-09-28', 'Completed');
INSERT INTO Orders (order_id, customer_id, order_date, order_status) VALUES (111, 140, '2025-06-27', 'Completed');
INSERT INTO Orders (order_id, customer_id, order_date, order_status) VALUES (112, 120, '2024-11-04', 'Completed');
INSERT INTO Orders (order_id, customer_id, order_date, order_status) VALUES (113, 95, '2025-01-06', 'Cancelled');
INSERT INTO Orders (order_id, customer_id, order_date, order_status) VALUES (114, 42, '2024-08-17', 'Completed');
INSERT INTO Orders (order_id, customer_id, order_date, order_status) VALUES (115, 62, '2024-09-28', 'Completed');
INSERT INTO Orders (order_id, customer_id, order_date, order_status) VALUES (116, 25, '2025-07-09', 'Returned');
INSERT INTO Orders (order_id, customer_id, order_date, order_status) VALUES (117, 82, '2024-08-12', 'Cancelled');
INSERT INTO Orders (order_id, customer_id, order_date, order_status) VALUES (118, 80, '2024-08-19', 'Completed');
INSERT INTO Orders (order_id, customer_id, order_date, order_status) VALUES (119, 102, '2025-05-22', 'Returned');
INSERT INTO Orders (order_id, customer_id, order_date, order_status) VALUES (120, 116, '2025-05-14', 'Completed');
INSERT INTO Orders (order_id, customer_id, order_date, order_status) VALUES (121, 56, '2025-06-29', 'Completed');
INSERT INTO Orders (order_id, customer_id, order_date, order_status) VALUES (122, 69, '2024-09-07', 'Cancelled');
INSERT INTO Orders (order_id, customer_id, order_date, order_status) VALUES (123, 76, '2024-09-15', 'Completed');
INSERT INTO Orders (order_id, customer_id, order_date, order_status) VALUES (124, 49, '2025-06-04', 'Cancelled');
INSERT INTO Orders (order_id, customer_id, order_date, order_status) VALUES (125, 1, '2024-11-10', 'Cancelled');
INSERT INTO Orders (order_id, customer_id, order_date, order_status) VALUES (126, 89, '2025-07-20', 'Completed');
INSERT INTO Orders (order_id, customer_id, order_date, order_status) VALUES (127, 25, '2025-05-21', 'Returned');
INSERT INTO Orders (order_id, customer_id, order_date, order_status) VALUES (128, 126, '2024-07-31', 'Completed');
INSERT INTO Orders (order_id, customer_id, order_date, order_status) VALUES (129, 34, '2025-03-09', 'Returned');
INSERT INTO Orders (order_id, customer_id, order_date, order_status) VALUES (130, 91, '2024-11-22', 'Completed');
INSERT INTO Orders (order_id, customer_id, order_date, order_status) VALUES (131, 138, '2025-03-27', 'Cancelled');
INSERT INTO Orders (order_id, customer_id, order_date, order_status) VALUES (132, 118, '2024-09-28', 'Completed');
INSERT INTO Orders (order_id, customer_id, order_date, order_status) VALUES (133, 26, '2024-09-10', 'Returned');
INSERT INTO Orders (order_id, customer_id, order_date, order_status) VALUES (134, 115, '2024-09-11', 'Returned');
INSERT INTO Orders (order_id, customer_id, order_date, order_status) VALUES (135, 145, '2024-08-09', 'Completed');
INSERT INTO Orders (order_id, customer_id, order_date, order_status) VALUES (136, 25, '2024-09-16', 'Cancelled');
INSERT INTO Orders (order_id, customer_id, order_date, order_status) VALUES (137, 129, '2025-07-10', 'Returned');
INSERT INTO Orders (order_id, customer_id, order_date, order_status) VALUES (138, 79, '2024-12-03', 'Returned');
INSERT INTO Orders (order_id, customer_id, order_date, order_status) VALUES (139, 141, '2024-12-10', 'Completed');
INSERT INTO Orders (order_id, customer_id, order_date, order_status) VALUES (140, 84, '2024-09-30', 'Returned');
INSERT INTO Orders (order_id, customer_id, order_date, order_status) VALUES (141, 17, '2025-03-17', 'Completed');
INSERT INTO Orders (order_id, customer_id, order_date, order_status) VALUES (142, 59, '2025-04-23', 'Cancelled');
INSERT INTO Orders (order_id, customer_id, order_date, order_status) VALUES (143, 16, '2025-05-11', 'Returned');
INSERT INTO Orders (order_id, customer_id, order_date, order_status) VALUES (144, 36, '2025-02-13', 'Returned');
INSERT INTO Orders (order_id, customer_id, order_date, order_status) VALUES (145, 109, '2024-09-09', 'Cancelled');
INSERT INTO Orders (order_id, customer_id, order_date, order_status) VALUES (146, 43, '2024-08-14', 'Cancelled');
INSERT INTO Orders (order_id, customer_id, order_date, order_status) VALUES (147, 50, '2024-07-28', 'Cancelled');
INSERT INTO Orders (order_id, customer_id, order_date, order_status) VALUES (148, 78, '2025-04-12', 'Completed');
INSERT INTO Orders (order_id, customer_id, order_date, order_status) VALUES (149, 85, '2025-06-18', 'Completed');
INSERT INTO Orders (order_id, customer_id, order_date, order_status) VALUES (150, 142, '2024-11-28', 'Completed');
INSERT INTO Orders (order_id, customer_id, order_date, order_status) VALUES (151, 62, '2024-09-08', 'Completed');
INSERT INTO Orders (order_id, customer_id, order_date, order_status) VALUES (152, 63, '2024-10-10', 'Cancelled');
INSERT INTO Orders (order_id, customer_id, order_date, order_status) VALUES (153, 122, '2025-03-16', 'Returned');
INSERT INTO Orders (order_id, customer_id, order_date, order_status) VALUES (154, 76, '2024-11-15', 'Returned');
INSERT INTO Orders (order_id, customer_id, order_date, order_status) VALUES (155, 3, '2024-11-12', 'Returned');
INSERT INTO Orders (order_id, customer_id, order_date, order_status) VALUES (156, 149, '2024-12-24', 'Completed');
INSERT INTO Orders (order_id, customer_id, order_date, order_status) VALUES (157, 131, '2025-05-19', 'Cancelled');
INSERT INTO Orders (order_id, customer_id, order_date, order_status) VALUES (158, 36, '2025-02-20', 'Returned');
INSERT INTO Orders (order_id, customer_id, order_date, order_status) VALUES (159, 134, '2025-05-12', 'Cancelled');
INSERT INTO Orders (order_id, customer_id, order_date, order_status) VALUES (160, 132, '2025-03-31', 'Cancelled');
INSERT INTO Orders (order_id, customer_id, order_date, order_status) VALUES (161, 108, '2024-09-14', 'Returned');
INSERT INTO Orders (order_id, customer_id, order_date, order_status) VALUES (162, 11, '2025-06-12', 'Cancelled');
INSERT INTO Orders (order_id, customer_id, order_date, order_status) VALUES (163, 76, '2025-07-02', 'Cancelled');
INSERT INTO Orders (order_id, customer_id, order_date, order_status) VALUES (164, 89, '2025-01-21', 'Completed');
INSERT INTO Orders (order_id, customer_id, order_date, order_status) VALUES (165, 63, '2025-06-22', 'Cancelled');
INSERT INTO Orders (order_id, customer_id, order_date, order_status) VALUES (166, 29, '2024-09-10', 'Returned');
INSERT INTO Orders (order_id, customer_id, order_date, order_status) VALUES (167, 120, '2025-04-14', 'Returned');
INSERT INTO Orders (order_id, customer_id, order_date, order_status) VALUES (168, 123, '2025-05-26', 'Cancelled');
INSERT INTO Orders (order_id, customer_id, order_date, order_status) VALUES (169, 150, '2025-01-27', 'Completed');
INSERT INTO Orders (order_id, customer_id, order_date, order_status) VALUES (170, 11, '2025-04-02', 'Cancelled');
INSERT INTO Orders (order_id, customer_id, order_date, order_status) VALUES (171, 135, '2025-06-17', 'Cancelled');
INSERT INTO Orders (order_id, customer_id, order_date, order_status) VALUES (172, 15, '2024-08-08', 'Cancelled');
INSERT INTO Orders (order_id, customer_id, order_date, order_status) VALUES (173, 99, '2024-08-17', 'Cancelled');
INSERT INTO Orders (order_id, customer_id, order_date, order_status) VALUES (174, 114, '2024-09-05', 'Cancelled');
INSERT INTO Orders (order_id, customer_id, order_date, order_status) VALUES (175, 57, '2025-07-03', 'Completed');
INSERT INTO Orders (order_id, customer_id, order_date, order_status) VALUES (176, 25, '2024-08-25', 'Completed');
INSERT INTO Orders (order_id, customer_id, order_date, order_status) VALUES (177, 121, '2025-03-24', 'Completed');
INSERT INTO Orders (order_id, customer_id, order_date, order_status) VALUES (178, 37, '2024-07-23', 'Cancelled');
INSERT INTO Orders (order_id, customer_id, order_date, order_status) VALUES (179, 76, '2025-04-25', 'Completed');
INSERT INTO Orders (order_id, customer_id, order_date, order_status) VALUES (180, 11, '2025-03-30', 'Completed');
INSERT INTO Orders (order_id, customer_id, order_date, order_status) VALUES (181, 40, '2024-08-01', 'Completed');
INSERT INTO Orders (order_id, customer_id, order_date, order_status) VALUES (182, 125, '2024-08-27', 'Cancelled');
INSERT INTO Orders (order_id, customer_id, order_date, order_status) VALUES (183, 34, '2025-02-01', 'Returned');
INSERT INTO Orders (order_id, customer_id, order_date, order_status) VALUES (184, 147, '2024-08-13', 'Cancelled');
INSERT INTO Orders (order_id, customer_id, order_date, order_status) VALUES (185, 19, '2024-10-16', 'Cancelled');
INSERT INTO Orders (order_id, customer_id, order_date, order_status) VALUES (186, 6, '2024-10-25', 'Cancelled');
INSERT INTO Orders (order_id, customer_id, order_date, order_status) VALUES (187, 51, '2024-07-24', 'Completed');
INSERT INTO Orders (order_id, customer_id, order_date, order_status) VALUES (188, 43, '2024-11-28', 'Returned');
INSERT INTO Orders (order_id, customer_id, order_date, order_status) VALUES (189, 115, '2024-09-13', 'Returned');
INSERT INTO Orders (order_id, customer_id, order_date, order_status) VALUES (190, 90, '2024-12-31', 'Cancelled');
INSERT INTO Orders (order_id, customer_id, order_date, order_status) VALUES (191, 4, '2024-08-24', 'Returned');
INSERT INTO Orders (order_id, customer_id, order_date, order_status) VALUES (192, 78, '2024-07-31', 'Completed');
INSERT INTO Orders (order_id, customer_id, order_date, order_status) VALUES (193, 112, '2024-09-10', 'Cancelled');
INSERT INTO Orders (order_id, customer_id, order_date, order_status) VALUES (194, 127, '2025-07-06', 'Cancelled');
INSERT INTO Orders (order_id, customer_id, order_date, order_status) VALUES (195, 55, '2025-05-17', 'Completed');
INSERT INTO Orders (order_id, customer_id, order_date, order_status) VALUES (196, 111, '2025-03-15', 'Completed');
INSERT INTO Orders (order_id, customer_id, order_date, order_status) VALUES (197, 128, '2025-06-17', 'Completed');
INSERT INTO Orders (order_id, customer_id, order_date, order_status) VALUES (198, 23, '2025-02-27', 'Returned');
INSERT INTO Orders (order_id, customer_id, order_date, order_status) VALUES (199, 119, '2024-11-02', 'Returned');
INSERT INTO Orders (order_id, customer_id, order_date, order_status) VALUES (200, 72, '2025-03-23', 'Completed');
INSERT INTO Orders (order_id, customer_id, order_date, order_status) VALUES (201, 26, '2025-03-10', 'Returned');
INSERT INTO Orders (order_id, customer_id, order_date, order_status) VALUES (202, 51, '2025-06-30', 'Cancelled');
INSERT INTO Orders (order_id, customer_id, order_date, order_status) VALUES (203, 127, '2024-10-05', 'Cancelled');
INSERT INTO Orders (order_id, customer_id, order_date, order_status) VALUES (204, 109, '2024-08-01', 'Returned');
INSERT INTO Orders (order_id, customer_id, order_date, order_status) VALUES (205, 28, '2024-09-21', 'Cancelled');
INSERT INTO Orders (order_id, customer_id, order_date, order_status) VALUES (206, 112, '2025-02-24', 'Returned');
INSERT INTO Orders (order_id, customer_id, order_date, order_status) VALUES (207, 130, '2024-09-24', 'Returned');
INSERT INTO Orders (order_id, customer_id, order_date, order_status) VALUES (208, 114, '2024-12-14', 'Cancelled');
INSERT INTO Orders (order_id, customer_id, order_date, order_status) VALUES (209, 150, '2025-03-22', 'Cancelled');
INSERT INTO Orders (order_id, customer_id, order_date, order_status) VALUES (210, 68, '2025-03-27', 'Cancelled');
INSERT INTO Orders (order_id, customer_id, order_date, order_status) VALUES (211, 24, '2024-12-16', 'Completed');
INSERT INTO Orders (order_id, customer_id, order_date, order_status) VALUES (212, 46, '2024-08-26', 'Cancelled');
INSERT INTO Orders (order_id, customer_id, order_date, order_status) VALUES (213, 110, '2025-03-02', 'Completed');
INSERT INTO Orders (order_id, customer_id, order_date, order_status) VALUES (214, 81, '2024-10-05', 'Returned');
INSERT INTO Orders (order_id, customer_id, order_date, order_status) VALUES (215, 28, '2025-05-09', 'Completed');
INSERT INTO Orders (order_id, customer_id, order_date, order_status) VALUES (216, 75, '2024-11-07', 'Returned');
INSERT INTO Orders (order_id, customer_id, order_date, order_status) VALUES (217, 38, '2025-01-08', 'Returned');
INSERT INTO Orders (order_id, customer_id, order_date, order_status) VALUES (218, 138, '2025-06-08', 'Returned');
INSERT INTO Orders (order_id, customer_id, order_date, order_status) VALUES (219, 92, '2025-03-16', 'Completed');
INSERT INTO Orders (order_id, customer_id, order_date, order_status) VALUES (220, 112, '2025-04-14', 'Completed');
INSERT INTO Orders (order_id, customer_id, order_date, order_status) VALUES (221, 63, '2025-01-07', 'Completed');
INSERT INTO Orders (order_id, customer_id, order_date, order_status) VALUES (222, 71, '2025-05-08', 'Returned');
INSERT INTO Orders (order_id, customer_id, order_date, order_status) VALUES (223, 33, '2024-08-12', 'Returned');
INSERT INTO Orders (order_id, customer_id, order_date, order_status) VALUES (224, 143, '2024-09-09', 'Cancelled');
INSERT INTO Orders (order_id, customer_id, order_date, order_status) VALUES (225, 67, '2024-10-14', 'Returned');
INSERT INTO Orders (order_id, customer_id, order_date, order_status) VALUES (226, 101, '2024-09-22', 'Returned');
INSERT INTO Orders (order_id, customer_id, order_date, order_status) VALUES (227, 8, '2024-08-11', 'Cancelled');
INSERT INTO Orders (order_id, customer_id, order_date, order_status) VALUES (228, 139, '2024-08-13', 'Returned');
INSERT INTO Orders (order_id, customer_id, order_date, order_status) VALUES (229, 142, '2024-11-07', 'Returned');
INSERT INTO Orders (order_id, customer_id, order_date, order_status) VALUES (230, 111, '2024-09-03', 'Returned');
INSERT INTO Orders (order_id, customer_id, order_date, order_status) VALUES (231, 107, '2025-07-13', 'Returned');
INSERT INTO Orders (order_id, customer_id, order_date, order_status) VALUES (232, 118, '2024-10-06', 'Returned');
INSERT INTO Orders (order_id, customer_id, order_date, order_status) VALUES (233, 4, '2025-01-09', 'Returned');
INSERT INTO Orders (order_id, customer_id, order_date, order_status) VALUES (234, 129, '2024-09-12', 'Cancelled');
INSERT INTO Orders (order_id, customer_id, order_date, order_status) VALUES (235, 135, '2025-07-15', 'Returned');
INSERT INTO Orders (order_id, customer_id, order_date, order_status) VALUES (236, 89, '2025-06-12', 'Completed');
INSERT INTO Orders (order_id, customer_id, order_date, order_status) VALUES (237, 67, '2025-04-21', 'Cancelled');
INSERT INTO Orders (order_id, customer_id, order_date, order_status) VALUES (238, 78, '2024-09-12', 'Completed');
INSERT INTO Orders (order_id, customer_id, order_date, order_status) VALUES (239, 135, '2024-11-24', 'Completed');
INSERT INTO Orders (order_id, customer_id, order_date, order_status) VALUES (240, 135, '2024-12-28', 'Returned');
INSERT INTO Orders (order_id, customer_id, order_date, order_status) VALUES (241, 5, '2025-04-15', 'Completed');
INSERT INTO Orders (order_id, customer_id, order_date, order_status) VALUES (242, 105, '2025-01-18', 'Returned');
INSERT INTO Orders (order_id, customer_id, order_date, order_status) VALUES (243, 50, '2024-07-25', 'Cancelled');
INSERT INTO Orders (order_id, customer_id, order_date, order_status) VALUES (244, 128, '2025-05-26', 'Cancelled');
INSERT INTO Orders (order_id, customer_id, order_date, order_status) VALUES (245, 96, '2025-07-21', 'Returned');
INSERT INTO Orders (order_id, customer_id, order_date, order_status) VALUES (246, 131, '2024-08-01', 'Returned');
INSERT INTO Orders (order_id, customer_id, order_date, order_status) VALUES (247, 96, '2024-10-23', 'Cancelled');
INSERT INTO Orders (order_id, customer_id, order_date, order_status) VALUES (248, 136, '2024-08-16', 'Cancelled');
INSERT INTO Orders (order_id, customer_id, order_date, order_status) VALUES (249, 47, '2025-02-02', 'Returned');
INSERT INTO Orders (order_id, customer_id, order_date, order_status) VALUES (250, 72, '2024-11-18', 'Returned');
INSERT INTO Orders (order_id, customer_id, order_date, order_status) VALUES (251, 122, '2025-03-18', 'Returned');
INSERT INTO Orders (order_id, customer_id, order_date, order_status) VALUES (252, 45, '2025-06-28', 'Cancelled');
INSERT INTO Orders (order_id, customer_id, order_date, order_status) VALUES (253, 52, '2025-07-18', 'Cancelled');
INSERT INTO Orders (order_id, customer_id, order_date, order_status) VALUES (254, 121, '2025-04-12', 'Completed');
INSERT INTO Orders (order_id, customer_id, order_date, order_status) VALUES (255, 45, '2025-06-22', 'Cancelled');
INSERT INTO Orders (order_id, customer_id, order_date, order_status) VALUES (256, 70, '2024-09-27', 'Returned');
INSERT INTO Orders (order_id, customer_id, order_date, order_status) VALUES (257, 16, '2024-08-26', 'Returned');
INSERT INTO Orders (order_id, customer_id, order_date, order_status) VALUES (258, 91, '2025-02-23', 'Completed');
INSERT INTO Orders (order_id, customer_id, order_date, order_status) VALUES (259, 10, '2025-02-08', 'Completed');
INSERT INTO Orders (order_id, customer_id, order_date, order_status) VALUES (260, 99, '2024-08-21', 'Completed');
INSERT INTO Orders (order_id, customer_id, order_date, order_status) VALUES (261, 119, '2025-04-09', 'Cancelled');
INSERT INTO Orders (order_id, customer_id, order_date, order_status) VALUES (262, 122, '2025-07-17', 'Cancelled');
INSERT INTO Orders (order_id, customer_id, order_date, order_status) VALUES (263, 17, '2025-05-28', 'Cancelled');
INSERT INTO Orders (order_id, customer_id, order_date, order_status) VALUES (264, 106, '2025-05-27', 'Returned');
INSERT INTO Orders (order_id, customer_id, order_date, order_status) VALUES (265, 92, '2024-11-14', 'Cancelled');
INSERT INTO Orders (order_id, customer_id, order_date, order_status) VALUES (266, 121, '2024-09-13', 'Returned');
INSERT INTO Orders (order_id, customer_id, order_date, order_status) VALUES (267, 15, '2025-05-28', 'Completed');
INSERT INTO Orders (order_id, customer_id, order_date, order_status) VALUES (268, 100, '2025-01-01', 'Completed');
INSERT INTO Orders (order_id, customer_id, order_date, order_status) VALUES (269, 46, '2025-02-23', 'Returned');
INSERT INTO Orders (order_id, customer_id, order_date, order_status) VALUES (270, 86, '2025-06-04', 'Returned');
INSERT INTO Orders (order_id, customer_id, order_date, order_status) VALUES (271, 29, '2025-04-18', 'Returned');
INSERT INTO Orders (order_id, customer_id, order_date, order_status) VALUES (272, 139, '2025-03-13', 'Completed');
INSERT INTO Orders (order_id, customer_id, order_date, order_status) VALUES (273, 81, '2024-12-20', 'Returned');
INSERT INTO Orders (order_id, customer_id, order_date, order_status) VALUES (274, 7, '2024-12-18', 'Returned');
INSERT INTO Orders (order_id, customer_id, order_date, order_status) VALUES (275, 14, '2025-01-24', 'Returned');
INSERT INTO Orders (order_id, customer_id, order_date, order_status) VALUES (276, 27, '2025-01-04', 'Returned');
INSERT INTO Orders (order_id, customer_id, order_date, order_status) VALUES (277, 95, '2025-07-15', 'Completed');
INSERT INTO Orders (order_id, customer_id, order_date, order_status) VALUES (278, 111, '2025-07-11', 'Completed');
INSERT INTO Orders (order_id, customer_id, order_date, order_status) VALUES (279, 82, '2024-08-12', 'Completed');
INSERT INTO Orders (order_id, customer_id, order_date, order_status) VALUES (280, 76, '2025-07-23', 'Completed');
INSERT INTO Orders (order_id, customer_id, order_date, order_status) VALUES (281, 40, '2025-04-04', 'Cancelled');
INSERT INTO Orders (order_id, customer_id, order_date, order_status) VALUES (282, 89, '2024-09-07', 'Cancelled');
INSERT INTO Orders (order_id, customer_id, order_date, order_status) VALUES (283, 146, '2024-11-26', 'Returned');
INSERT INTO Orders (order_id, customer_id, order_date, order_status) VALUES (284, 82, '2025-06-06', 'Completed');
INSERT INTO Orders (order_id, customer_id, order_date, order_status) VALUES (285, 26, '2024-09-09', 'Completed');
INSERT INTO Orders (order_id, customer_id, order_date, order_status) VALUES (286, 41, '2024-11-15', 'Completed');
INSERT INTO Orders (order_id, customer_id, order_date, order_status) VALUES (287, 114, '2025-03-14', 'Returned');
INSERT INTO Orders (order_id, customer_id, order_date, order_status) VALUES (288, 73, '2024-08-27', 'Completed');
INSERT INTO Orders (order_id, customer_id, order_date, order_status) VALUES (289, 8, '2024-11-04', 'Completed');
INSERT INTO Orders (order_id, customer_id, order_date, order_status) VALUES (290, 93, '2024-08-31', 'Returned');
INSERT INTO Orders (order_id, customer_id, order_date, order_status) VALUES (291, 60, '2025-06-27', 'Cancelled');
INSERT INTO Orders (order_id, customer_id, order_date, order_status) VALUES (292, 5, '2024-11-30', 'Completed');
INSERT INTO Orders (order_id, customer_id, order_date, order_status) VALUES (293, 79, '2025-06-04', 'Returned');
INSERT INTO Orders (order_id, customer_id, order_date, order_status) VALUES (294, 58, '2024-12-26', 'Returned');
INSERT INTO Orders (order_id, customer_id, order_date, order_status) VALUES (295, 80, '2024-09-17', 'Returned');
INSERT INTO Orders (order_id, customer_id, order_date, order_status) VALUES (296, 82, '2025-01-24', 'Returned');
INSERT INTO Orders (order_id, customer_id, order_date, order_status) VALUES (297, 80, '2025-04-19', 'Returned');
INSERT INTO Orders (order_id, customer_id, order_date, order_status) VALUES (298, 37, '2024-09-30', 'Returned');
INSERT INTO Orders (order_id, customer_id, order_date, order_status) VALUES (299, 9, '2024-08-13', 'Cancelled');
INSERT INTO Orders (order_id, customer_id, order_date, order_status) VALUES (300, 115, '2024-08-04', 'Completed');
INSERT INTO Orders (order_id, customer_id, order_date, order_status) VALUES (301, 26, '2025-01-08', 'Completed');
INSERT INTO Orders (order_id, customer_id, order_date, order_status) VALUES (302, 103, '2025-01-01', 'Cancelled');
INSERT INTO Orders (order_id, customer_id, order_date, order_status) VALUES (303, 143, '2025-03-31', 'Cancelled');
INSERT INTO Orders (order_id, customer_id, order_date, order_status) VALUES (304, 142, '2025-01-21', 'Cancelled');
INSERT INTO Orders (order_id, customer_id, order_date, order_status) VALUES (305, 129, '2024-08-07', 'Cancelled');
INSERT INTO Orders (order_id, customer_id, order_date, order_status) VALUES (306, 34, '2024-10-03', 'Completed');
INSERT INTO Orders (order_id, customer_id, order_date, order_status) VALUES (307, 120, '2025-02-06', 'Returned');
INSERT INTO Orders (order_id, customer_id, order_date, order_status) VALUES (308, 52, '2024-07-23', 'Completed');
INSERT INTO Orders (order_id, customer_id, order_date, order_status) VALUES (309, 30, '2025-07-19', 'Returned');
INSERT INTO Orders (order_id, customer_id, order_date, order_status) VALUES (310, 27, '2024-08-30', 'Cancelled');
INSERT INTO Orders (order_id, customer_id, order_date, order_status) VALUES (311, 136, '2024-10-14', 'Cancelled');
INSERT INTO Orders (order_id, customer_id, order_date, order_status) VALUES (312, 89, '2025-05-23', 'Returned');
INSERT INTO Orders (order_id, customer_id, order_date, order_status) VALUES (313, 107, '2025-01-28', 'Completed');
INSERT INTO Orders (order_id, customer_id, order_date, order_status) VALUES (314, 22, '2024-07-31', 'Returned');
INSERT INTO Orders (order_id, customer_id, order_date, order_status) VALUES (315, 92, '2025-05-08', 'Cancelled');
INSERT INTO Orders (order_id, customer_id, order_date, order_status) VALUES (316, 31, '2025-02-24', 'Cancelled');
INSERT INTO Orders (order_id, customer_id, order_date, order_status) VALUES (317, 1, '2025-04-28', 'Completed');
INSERT INTO Orders (order_id, customer_id, order_date, order_status) VALUES (318, 130, '2024-08-08', 'Cancelled');
INSERT INTO Orders (order_id, customer_id, order_date, order_status) VALUES (319, 96, '2024-11-19', 'Returned');
INSERT INTO Orders (order_id, customer_id, order_date, order_status) VALUES (320, 76, '2024-12-03', 'Cancelled');
INSERT INTO Orders (order_id, customer_id, order_date, order_status) VALUES (321, 80, '2024-07-26', 'Completed');
INSERT INTO Orders (order_id, customer_id, order_date, order_status) VALUES (322, 143, '2025-06-17', 'Cancelled');
INSERT INTO Orders (order_id, customer_id, order_date, order_status) VALUES (323, 105, '2024-10-09', 'Completed');
INSERT INTO Orders (order_id, customer_id, order_date, order_status) VALUES (324, 129, '2024-11-22', 'Returned');
INSERT INTO Orders (order_id, customer_id, order_date, order_status) VALUES (325, 105, '2024-12-17', 'Completed');
INSERT INTO Orders (order_id, customer_id, order_date, order_status) VALUES (326, 13, '2024-09-12', 'Completed');
INSERT INTO Orders (order_id, customer_id, order_date, order_status) VALUES (327, 26, '2024-08-05', 'Cancelled');
INSERT INTO Orders (order_id, customer_id, order_date, order_status) VALUES (328, 71, '2024-11-03', 'Returned');
INSERT INTO Orders (order_id, customer_id, order_date, order_status) VALUES (329, 92, '2024-07-27', 'Cancelled');
INSERT INTO Orders (order_id, customer_id, order_date, order_status) VALUES (330, 8, '2025-04-26', 'Completed');
INSERT INTO Orders (order_id, customer_id, order_date, order_status) VALUES (331, 86, '2024-12-19', 'Completed');
INSERT INTO Orders (order_id, customer_id, order_date, order_status) VALUES (332, 85, '2025-05-18', 'Returned');
INSERT INTO Orders (order_id, customer_id, order_date, order_status) VALUES (333, 14, '2025-06-22', 'Completed');
INSERT INTO Orders (order_id, customer_id, order_date, order_status) VALUES (334, 72, '2024-11-19', 'Returned');
INSERT INTO Orders (order_id, customer_id, order_date, order_status) VALUES (335, 89, '2025-07-20', 'Completed');
INSERT INTO Orders (order_id, customer_id, order_date, order_status) VALUES (336, 89, '2024-12-13', 'Cancelled');
INSERT INTO Orders (order_id, customer_id, order_date, order_status) VALUES (337, 65, '2025-03-27', 'Completed');
INSERT INTO Orders (order_id, customer_id, order_date, order_status) VALUES (338, 120, '2024-09-11', 'Returned');
INSERT INTO Orders (order_id, customer_id, order_date, order_status) VALUES (339, 105, '2025-02-23', 'Cancelled');
INSERT INTO Orders (order_id, customer_id, order_date, order_status) VALUES (340, 97, '2025-05-26', 'Returned');
INSERT INTO Orders (order_id, customer_id, order_date, order_status) VALUES (341, 128, '2025-05-27', 'Cancelled');
INSERT INTO Orders (order_id, customer_id, order_date, order_status) VALUES (342, 33, '2025-05-17', 'Cancelled');
INSERT INTO Orders (order_id, customer_id, order_date, order_status) VALUES (343, 81, '2024-11-23', 'Returned');
INSERT INTO Orders (order_id, customer_id, order_date, order_status) VALUES (344, 92, '2025-01-28', 'Completed');
INSERT INTO Orders (order_id, customer_id, order_date, order_status) VALUES (345, 66, '2025-01-31', 'Completed');
INSERT INTO Orders (order_id, customer_id, order_date, order_status) VALUES (346, 149, '2025-05-21', 'Cancelled');
INSERT INTO Orders (order_id, customer_id, order_date, order_status) VALUES (347, 32, '2025-05-19', 'Cancelled');
INSERT INTO Orders (order_id, customer_id, order_date, order_status) VALUES (348, 58, '2024-12-20', 'Returned');
INSERT INTO Orders (order_id, customer_id, order_date, order_status) VALUES (349, 70, '2025-07-12', 'Returned');
INSERT INTO Orders (order_id, customer_id, order_date, order_status) VALUES (350, 56, '2024-12-07', 'Cancelled');
INSERT INTO Orders (order_id, customer_id, order_date, order_status) VALUES (351, 125, '2024-11-24', 'Cancelled');
INSERT INTO Orders (order_id, customer_id, order_date, order_status) VALUES (352, 11, '2024-12-05', 'Cancelled');
INSERT INTO Orders (order_id, customer_id, order_date, order_status) VALUES (353, 34, '2024-10-16', 'Completed');
INSERT INTO Orders (order_id, customer_id, order_date, order_status) VALUES (354, 96, '2024-12-12', 'Completed');
INSERT INTO Orders (order_id, customer_id, order_date, order_status) VALUES (355, 49, '2025-01-24', 'Completed');
INSERT INTO Orders (order_id, customer_id, order_date, order_status) VALUES (356, 51, '2024-12-24', 'Completed');
INSERT INTO Orders (order_id, customer_id, order_date, order_status) VALUES (357, 69, '2024-12-05', 'Returned');
INSERT INTO Orders (order_id, customer_id, order_date, order_status) VALUES (358, 143, '2024-12-22', 'Returned');
INSERT INTO Orders (order_id, customer_id, order_date, order_status) VALUES (359, 49, '2025-02-10', 'Returned');
INSERT INTO Orders (order_id, customer_id, order_date, order_status) VALUES (360, 24, '2024-07-24', 'Cancelled');
INSERT INTO Orders (order_id, customer_id, order_date, order_status) VALUES (361, 14, '2024-11-06', 'Returned');
INSERT INTO Orders (order_id, customer_id, order_date, order_status) VALUES (362, 102, '2025-05-26', 'Completed');
INSERT INTO Orders (order_id, customer_id, order_date, order_status) VALUES (363, 10, '2025-02-22', 'Completed');
INSERT INTO Orders (order_id, customer_id, order_date, order_status) VALUES (364, 127, '2025-03-26', 'Completed');
INSERT INTO Orders (order_id, customer_id, order_date, order_status) VALUES (365, 98, '2025-06-29', 'Completed');
INSERT INTO Orders (order_id, customer_id, order_date, order_status) VALUES (366, 102, '2025-05-01', 'Completed');
INSERT INTO Orders (order_id, customer_id, order_date, order_status) VALUES (367, 138, '2025-02-13', 'Returned');
INSERT INTO Orders (order_id, customer_id, order_date, order_status) VALUES (368, 104, '2024-10-22', 'Cancelled');
INSERT INTO Orders (order_id, customer_id, order_date, order_status) VALUES (369, 40, '2024-12-26', 'Cancelled');
INSERT INTO Orders (order_id, customer_id, order_date, order_status) VALUES (370, 136, '2024-11-20', 'Completed');
INSERT INTO Orders (order_id, customer_id, order_date, order_status) VALUES (371, 46, '2024-11-28', 'Returned');
INSERT INTO Orders (order_id, customer_id, order_date, order_status) VALUES (372, 117, '2024-07-24', 'Returned');
INSERT INTO Orders (order_id, customer_id, order_date, order_status) VALUES (373, 16, '2025-04-09', 'Completed');
INSERT INTO Orders (order_id, customer_id, order_date, order_status) VALUES (374, 36, '2025-05-29', 'Returned');
INSERT INTO Orders (order_id, customer_id, order_date, order_status) VALUES (375, 45, '2024-12-06', 'Returned');
INSERT INTO Orders (order_id, customer_id, order_date, order_status) VALUES (376, 136, '2025-01-09', 'Completed');
INSERT INTO Orders (order_id, customer_id, order_date, order_status) VALUES (377, 60, '2024-12-17', 'Completed');
INSERT INTO Orders (order_id, customer_id, order_date, order_status) VALUES (378, 106, '2024-11-28', 'Completed');
INSERT INTO Orders (order_id, customer_id, order_date, order_status) VALUES (379, 126, '2025-07-10', 'Cancelled');
INSERT INTO Orders (order_id, customer_id, order_date, order_status) VALUES (380, 84, '2025-04-17', 'Returned');
INSERT INTO Orders (order_id, customer_id, order_date, order_status) VALUES (381, 122, '2025-07-23', 'Cancelled');
INSERT INTO Orders (order_id, customer_id, order_date, order_status) VALUES (382, 51, '2024-12-21', 'Cancelled');
INSERT INTO Orders (order_id, customer_id, order_date, order_status) VALUES (383, 142, '2025-03-29', 'Returned');
INSERT INTO Orders (order_id, customer_id, order_date, order_status) VALUES (384, 137, '2024-08-27', 'Completed');
INSERT INTO Orders (order_id, customer_id, order_date, order_status) VALUES (385, 91, '2024-09-02', 'Cancelled');
INSERT INTO Orders (order_id, customer_id, order_date, order_status) VALUES (386, 93, '2025-02-01', 'Completed');
INSERT INTO Orders (order_id, customer_id, order_date, order_status) VALUES (387, 112, '2024-09-20', 'Cancelled');
INSERT INTO Orders (order_id, customer_id, order_date, order_status) VALUES (388, 51, '2025-04-09', 'Returned');
INSERT INTO Orders (order_id, customer_id, order_date, order_status) VALUES (389, 39, '2024-11-28', 'Completed');
INSERT INTO Orders (order_id, customer_id, order_date, order_status) VALUES (390, 61, '2024-09-19', 'Completed');
INSERT INTO Orders (order_id, customer_id, order_date, order_status) VALUES (391, 121, '2025-07-08', 'Returned');
INSERT INTO Orders (order_id, customer_id, order_date, order_status) VALUES (392, 50, '2024-11-04', 'Cancelled');
INSERT INTO Orders (order_id, customer_id, order_date, order_status) VALUES (393, 58, '2025-04-21', 'Returned');
INSERT INTO Orders (order_id, customer_id, order_date, order_status) VALUES (394, 18, '2025-06-05', 'Cancelled');
INSERT INTO Orders (order_id, customer_id, order_date, order_status) VALUES (395, 47, '2025-05-07', 'Completed');
INSERT INTO Orders (order_id, customer_id, order_date, order_status) VALUES (396, 46, '2024-12-22', 'Completed');
INSERT INTO Orders (order_id, customer_id, order_date, order_status) VALUES (397, 32, '2025-06-24', 'Cancelled');
INSERT INTO Orders (order_id, customer_id, order_date, order_status) VALUES (398, 61, '2025-01-17', 'Returned');
INSERT INTO Orders (order_id, customer_id, order_date, order_status) VALUES (399, 116, '2024-09-12', 'Cancelled');
INSERT INTO Orders (order_id, customer_id, order_date, order_status) VALUES (400, 146, '2025-02-23', 'Returned');
INSERT INTO Orders (order_id, customer_id, order_date, order_status) VALUES (401, 15, '2024-10-16', 'Completed');
INSERT INTO Orders (order_id, customer_id, order_date, order_status) VALUES (402, 51, '2024-09-18', 'Returned');
INSERT INTO Orders (order_id, customer_id, order_date, order_status) VALUES (403, 34, '2025-05-22', 'Completed');
INSERT INTO Orders (order_id, customer_id, order_date, order_status) VALUES (404, 54, '2024-10-26', 'Completed');
INSERT INTO Orders (order_id, customer_id, order_date, order_status) VALUES (405, 35, '2024-08-24', 'Completed');
INSERT INTO Orders (order_id, customer_id, order_date, order_status) VALUES (406, 23, '2025-05-13', 'Cancelled');
INSERT INTO Orders (order_id, customer_id, order_date, order_status) VALUES (407, 101, '2024-09-09', 'Completed');
INSERT INTO Orders (order_id, customer_id, order_date, order_status) VALUES (408, 68, '2025-07-18', 'Returned');
INSERT INTO Orders (order_id, customer_id, order_date, order_status) VALUES (409, 25, '2024-11-10', 'Cancelled');
INSERT INTO Orders (order_id, customer_id, order_date, order_status) VALUES (410, 2, '2025-03-15', 'Returned');
INSERT INTO Orders (order_id, customer_id, order_date, order_status) VALUES (411, 53, '2024-12-29', 'Returned');
INSERT INTO Orders (order_id, customer_id, order_date, order_status) VALUES (412, 144, '2025-04-07', 'Returned');
INSERT INTO Orders (order_id, customer_id, order_date, order_status) VALUES (413, 48, '2025-06-06', 'Completed');
INSERT INTO Orders (order_id, customer_id, order_date, order_status) VALUES (414, 19, '2025-05-19', 'Cancelled');
INSERT INTO Orders (order_id, customer_id, order_date, order_status) VALUES (415, 18, '2024-08-12', 'Cancelled');
INSERT INTO Orders (order_id, customer_id, order_date, order_status) VALUES (416, 26, '2024-11-03', 'Completed');
INSERT INTO Orders (order_id, customer_id, order_date, order_status) VALUES (417, 122, '2025-02-16', 'Returned');
INSERT INTO Orders (order_id, customer_id, order_date, order_status) VALUES (418, 37, '2025-06-11', 'Completed');
INSERT INTO Orders (order_id, customer_id, order_date, order_status) VALUES (419, 33, '2025-05-24', 'Cancelled');
INSERT INTO Orders (order_id, customer_id, order_date, order_status) VALUES (420, 74, '2024-09-23', 'Returned');
INSERT INTO Orders (order_id, customer_id, order_date, order_status) VALUES (421, 106, '2024-12-29', 'Returned');
INSERT INTO Orders (order_id, customer_id, order_date, order_status) VALUES (422, 27, '2025-06-01', 'Cancelled');
INSERT INTO Orders (order_id, customer_id, order_date, order_status) VALUES (423, 13, '2024-08-13', 'Cancelled');
INSERT INTO Orders (order_id, customer_id, order_date, order_status) VALUES (424, 131, '2025-07-07', 'Cancelled');
INSERT INTO Orders (order_id, customer_id, order_date, order_status) VALUES (425, 86, '2024-10-16', 'Cancelled');
INSERT INTO Orders (order_id, customer_id, order_date, order_status) VALUES (426, 66, '2025-07-05', 'Returned');
INSERT INTO Orders (order_id, customer_id, order_date, order_status) VALUES (427, 85, '2025-03-18', 'Cancelled');
INSERT INTO Orders (order_id, customer_id, order_date, order_status) VALUES (428, 83, '2024-12-13', 'Returned');
INSERT INTO Orders (order_id, customer_id, order_date, order_status) VALUES (429, 70, '2024-08-30', 'Returned');
INSERT INTO Orders (order_id, customer_id, order_date, order_status) VALUES (430, 29, '2024-11-07', 'Returned');
INSERT INTO Orders (order_id, customer_id, order_date, order_status) VALUES (431, 83, '2025-05-12', 'Completed');
INSERT INTO Orders (order_id, customer_id, order_date, order_status) VALUES (432, 125, '2024-10-10', 'Cancelled');
INSERT INTO Orders (order_id, customer_id, order_date, order_status) VALUES (433, 87, '2024-09-30', 'Cancelled');
INSERT INTO Orders (order_id, customer_id, order_date, order_status) VALUES (434, 2, '2024-09-26', 'Completed');
INSERT INTO Orders (order_id, customer_id, order_date, order_status) VALUES (435, 22, '2024-09-26', 'Returned');
INSERT INTO Orders (order_id, customer_id, order_date, order_status) VALUES (436, 148, '2025-04-06', 'Returned');
INSERT INTO Orders (order_id, customer_id, order_date, order_status) VALUES (437, 70, '2025-07-12', 'Cancelled');
INSERT INTO Orders (order_id, customer_id, order_date, order_status) VALUES (438, 132, '2025-03-29', 'Cancelled');
INSERT INTO Orders (order_id, customer_id, order_date, order_status) VALUES (439, 144, '2025-02-05', 'Returned');
INSERT INTO Orders (order_id, customer_id, order_date, order_status) VALUES (440, 22, '2025-04-07', 'Completed');
INSERT INTO Orders (order_id, customer_id, order_date, order_status) VALUES (441, 97, '2025-03-02', 'Returned');
INSERT INTO Orders (order_id, customer_id, order_date, order_status) VALUES (442, 29, '2025-04-13', 'Completed');
INSERT INTO Orders (order_id, customer_id, order_date, order_status) VALUES (443, 14, '2024-11-16', 'Completed');
INSERT INTO Orders (order_id, customer_id, order_date, order_status) VALUES (444, 43, '2024-08-17', 'Returned');
INSERT INTO Orders (order_id, customer_id, order_date, order_status) VALUES (445, 98, '2025-05-16', 'Cancelled');
INSERT INTO Orders (order_id, customer_id, order_date, order_status) VALUES (446, 35, '2024-08-04', 'Cancelled');
INSERT INTO Orders (order_id, customer_id, order_date, order_status) VALUES (447, 23, '2024-12-06', 'Completed');
INSERT INTO Orders (order_id, customer_id, order_date, order_status) VALUES (448, 89, '2024-11-05', 'Returned');
INSERT INTO Orders (order_id, customer_id, order_date, order_status) VALUES (449, 5, '2025-01-20', 'Cancelled');
INSERT INTO Orders (order_id, customer_id, order_date, order_status) VALUES (450, 108, '2025-06-05', 'Completed');
INSERT INTO Orders (order_id, customer_id, order_date, order_status) VALUES (451, 68, '2024-11-08', 'Completed');
INSERT INTO Orders (order_id, customer_id, order_date, order_status) VALUES (452, 42, '2024-11-07', 'Returned');
INSERT INTO Orders (order_id, customer_id, order_date, order_status) VALUES (453, 123, '2025-04-06', 'Completed');
INSERT INTO Orders (order_id, customer_id, order_date, order_status) VALUES (454, 9, '2025-02-17', 'Cancelled');
INSERT INTO Orders (order_id, customer_id, order_date, order_status) VALUES (455, 133, '2024-09-17', 'Returned');
INSERT INTO Orders (order_id, customer_id, order_date, order_status) VALUES (456, 88, '2025-06-18', 'Completed');
INSERT INTO Orders (order_id, customer_id, order_date, order_status) VALUES (457, 84, '2025-01-10', 'Returned');
INSERT INTO Orders (order_id, customer_id, order_date, order_status) VALUES (458, 4, '2024-09-04', 'Returned');
INSERT INTO Orders (order_id, customer_id, order_date, order_status) VALUES (459, 46, '2024-12-14', 'Returned');
INSERT INTO Orders (order_id, customer_id, order_date, order_status) VALUES (460, 145, '2024-09-27', 'Completed');
INSERT INTO Orders (order_id, customer_id, order_date, order_status) VALUES (461, 105, '2025-02-22', 'Cancelled');
INSERT INTO Orders (order_id, customer_id, order_date, order_status) VALUES (462, 54, '2025-05-04', 'Cancelled');
INSERT INTO Orders (order_id, customer_id, order_date, order_status) VALUES (463, 136, '2025-04-17', 'Returned');
INSERT INTO Orders (order_id, customer_id, order_date, order_status) VALUES (464, 97, '2025-06-15', 'Returned');
INSERT INTO Orders (order_id, customer_id, order_date, order_status) VALUES (465, 62, '2024-11-04', 'Completed');
INSERT INTO Orders (order_id, customer_id, order_date, order_status) VALUES (466, 114, '2024-10-30', 'Returned');
INSERT INTO Orders (order_id, customer_id, order_date, order_status) VALUES (467, 21, '2024-10-05', 'Cancelled');
INSERT INTO Orders (order_id, customer_id, order_date, order_status) VALUES (468, 16, '2024-08-29', 'Completed');
INSERT INTO Orders (order_id, customer_id, order_date, order_status) VALUES (469, 8, '2024-10-01', 'Completed');
INSERT INTO Orders (order_id, customer_id, order_date, order_status) VALUES (470, 35, '2025-01-19', 'Returned');
INSERT INTO Orders (order_id, customer_id, order_date, order_status) VALUES (471, 85, '2025-06-04', 'Returned');
INSERT INTO Orders (order_id, customer_id, order_date, order_status) VALUES (472, 45, '2024-12-25', 'Cancelled');
INSERT INTO Orders (order_id, customer_id, order_date, order_status) VALUES (473, 76, '2024-08-16', 'Cancelled');
INSERT INTO Orders (order_id, customer_id, order_date, order_status) VALUES (474, 63, '2024-12-24', 'Cancelled');
INSERT INTO Orders (order_id, customer_id, order_date, order_status) VALUES (475, 49, '2025-05-22', 'Completed');
INSERT INTO Orders (order_id, customer_id, order_date, order_status) VALUES (476, 78, '2024-09-11', 'Returned');
INSERT INTO Orders (order_id, customer_id, order_date, order_status) VALUES (477, 150, '2025-07-12', 'Cancelled');
INSERT INTO Orders (order_id, customer_id, order_date, order_status) VALUES (478, 120, '2025-04-06', 'Cancelled');
INSERT INTO Orders (order_id, customer_id, order_date, order_status) VALUES (479, 110, '2025-02-07', 'Returned');
INSERT INTO Orders (order_id, customer_id, order_date, order_status) VALUES (480, 11, '2024-10-08', 'Cancelled');
INSERT INTO Orders (order_id, customer_id, order_date, order_status) VALUES (481, 118, '2024-09-30', 'Returned');
INSERT INTO Orders (order_id, customer_id, order_date, order_status) VALUES (482, 20, '2025-02-09', 'Completed');
INSERT INTO Orders (order_id, customer_id, order_date, order_status) VALUES (483, 2, '2024-08-02', 'Completed');
INSERT INTO Orders (order_id, customer_id, order_date, order_status) VALUES (484, 63, '2025-03-24', 'Completed');
INSERT INTO Orders (order_id, customer_id, order_date, order_status) VALUES (485, 95, '2025-02-08', 'Completed');
INSERT INTO Orders (order_id, customer_id, order_date, order_status) VALUES (486, 121, '2025-03-02', 'Returned');
INSERT INTO Orders (order_id, customer_id, order_date, order_status) VALUES (487, 72, '2025-05-08', 'Returned');
INSERT INTO Orders (order_id, customer_id, order_date, order_status) VALUES (488, 26, '2025-05-05', 'Cancelled');
INSERT INTO Orders (order_id, customer_id, order_date, order_status) VALUES (489, 46, '2025-03-30', 'Returned');
INSERT INTO Orders (order_id, customer_id, order_date, order_status) VALUES (490, 92, '2025-05-22', 'Cancelled');
INSERT INTO Orders (order_id, customer_id, order_date, order_status) VALUES (491, 70, '2025-07-06', 'Completed');
INSERT INTO Orders (order_id, customer_id, order_date, order_status) VALUES (492, 34, '2024-12-27', 'Completed');
INSERT INTO Orders (order_id, customer_id, order_date, order_status) VALUES (493, 92, '2024-08-31', 'Cancelled');
INSERT INTO Orders (order_id, customer_id, order_date, order_status) VALUES (494, 130, '2024-09-03', 'Returned');
INSERT INTO Orders (order_id, customer_id, order_date, order_status) VALUES (495, 49, '2024-12-16', 'Returned');
INSERT INTO Orders (order_id, customer_id, order_date, order_status) VALUES (496, 57, '2025-04-04', 'Cancelled');
INSERT INTO Orders (order_id, customer_id, order_date, order_status) VALUES (497, 2, '2025-06-14', 'Cancelled');
INSERT INTO Orders (order_id, customer_id, order_date, order_status) VALUES (498, 128, '2024-11-20', 'Completed');
INSERT INTO Orders (order_id, customer_id, order_date, order_status) VALUES (499, 147, '2025-05-26', 'Cancelled');
INSERT INTO Orders (order_id, customer_id, order_date, order_status) VALUES (500, 27, '2024-10-28', 'Completed');
INSERT INTO Order_Items (item_id, order_id, product_id, quantity, unit_price) VALUES (1, 122, 12, 5, 168);
INSERT INTO Order_Items (item_id, order_id, product_id, quantity, unit_price) VALUES (2, 204, 3, 2, 447);
INSERT INTO Order_Items (item_id, order_id, product_id, quantity, unit_price) VALUES (3, 29, 18, 3, 190);
INSERT INTO Order_Items (item_id, order_id, product_id, quantity, unit_price) VALUES (4, 468, 23, 5, 258);
INSERT INTO Order_Items (item_id, order_id, product_id, quantity, unit_price) VALUES (5, 430, 15, 3, 427);
INSERT INTO Order_Items (item_id, order_id, product_id, quantity, unit_price) VALUES (6, 64, 14, 2, 228);
INSERT INTO Order_Items (item_id, order_id, product_id, quantity, unit_price) VALUES (7, 96, 9, 2, 255);
INSERT INTO Order_Items (item_id, order_id, product_id, quantity, unit_price) VALUES (8, 275, 23, 3, 85);
INSERT INTO Order_Items (item_id, order_id, product_id, quantity, unit_price) VALUES (9, 424, 27, 5, 349);
INSERT INTO Order_Items (item_id, order_id, product_id, quantity, unit_price) VALUES (10, 87, 3, 3, 202);
INSERT INTO Order_Items (item_id, order_id, product_id, quantity, unit_price) VALUES (11, 198, 27, 4, 124);
INSERT INTO Order_Items (item_id, order_id, product_id, quantity, unit_price) VALUES (12, 428, 7, 4, 311);
INSERT INTO Order_Items (item_id, order_id, product_id, quantity, unit_price) VALUES (13, 41, 7, 5, 205);
INSERT INTO Order_Items (item_id, order_id, product_id, quantity, unit_price) VALUES (14, 369, 12, 3, 250);
INSERT INTO Order_Items (item_id, order_id, product_id, quantity, unit_price) VALUES (15, 376, 7, 5, 309);
INSERT INTO Order_Items (item_id, order_id, product_id, quantity, unit_price) VALUES (16, 327, 7, 4, 378);
INSERT INTO Order_Items (item_id, order_id, product_id, quantity, unit_price) VALUES (17, 98, 18, 4, 397);
INSERT INTO Order_Items (item_id, order_id, product_id, quantity, unit_price) VALUES (18, 198, 15, 3, 345);
INSERT INTO Order_Items (item_id, order_id, product_id, quantity, unit_price) VALUES (19, 56, 7, 5, 62);
INSERT INTO Order_Items (item_id, order_id, product_id, quantity, unit_price) VALUES (20, 226, 27, 3, 293);
INSERT INTO Order_Items (item_id, order_id, product_id, quantity, unit_price) VALUES (21, 419, 23, 4, 118);
INSERT INTO Order_Items (item_id, order_id, product_id, quantity, unit_price) VALUES (22, 230, 11, 1, 407);
INSERT INTO Order_Items (item_id, order_id, product_id, quantity, unit_price) VALUES (23, 94, 25, 1, 71);
INSERT INTO Order_Items (item_id, order_id, product_id, quantity, unit_price) VALUES (24, 396, 2, 1, 489);
INSERT INTO Order_Items (item_id, order_id, product_id, quantity, unit_price) VALUES (25, 437, 30, 3, 403);
INSERT INTO Order_Items (item_id, order_id, product_id, quantity, unit_price) VALUES (26, 67, 17, 5, 472);
INSERT INTO Order_Items (item_id, order_id, product_id, quantity, unit_price) VALUES (27, 474, 15, 1, 257);
INSERT INTO Order_Items (item_id, order_id, product_id, quantity, unit_price) VALUES (28, 382, 14, 1, 24);
INSERT INTO Order_Items (item_id, order_id, product_id, quantity, unit_price) VALUES (29, 52, 6, 4, 129);
INSERT INTO Order_Items (item_id, order_id, product_id, quantity, unit_price) VALUES (30, 360, 21, 1, 64);
INSERT INTO Order_Items (item_id, order_id, product_id, quantity, unit_price) VALUES (31, 233, 5, 2, 324);
INSERT INTO Order_Items (item_id, order_id, product_id, quantity, unit_price) VALUES (32, 257, 16, 4, 350);
INSERT INTO Order_Items (item_id, order_id, product_id, quantity, unit_price) VALUES (33, 46, 4, 3, 263);
INSERT INTO Order_Items (item_id, order_id, product_id, quantity, unit_price) VALUES (34, 355, 19, 4, 116);
INSERT INTO Order_Items (item_id, order_id, product_id, quantity, unit_price) VALUES (35, 423, 23, 4, 320);
INSERT INTO Order_Items (item_id, order_id, product_id, quantity, unit_price) VALUES (36, 439, 1, 5, 188);
INSERT INTO Order_Items (item_id, order_id, product_id, quantity, unit_price) VALUES (37, 11, 21, 1, 283);
INSERT INTO Order_Items (item_id, order_id, product_id, quantity, unit_price) VALUES (38, 398, 21, 5, 250);
INSERT INTO Order_Items (item_id, order_id, product_id, quantity, unit_price) VALUES (39, 479, 11, 1, 45);
INSERT INTO Order_Items (item_id, order_id, product_id, quantity, unit_price) VALUES (40, 180, 12, 2, 489);
INSERT INTO Order_Items (item_id, order_id, product_id, quantity, unit_price) VALUES (41, 386, 11, 4, 207);
INSERT INTO Order_Items (item_id, order_id, product_id, quantity, unit_price) VALUES (42, 280, 17, 1, 425);
INSERT INTO Order_Items (item_id, order_id, product_id, quantity, unit_price) VALUES (43, 381, 13, 5, 68);
INSERT INTO Order_Items (item_id, order_id, product_id, quantity, unit_price) VALUES (44, 60, 20, 1, 355);
INSERT INTO Order_Items (item_id, order_id, product_id, quantity, unit_price) VALUES (45, 267, 19, 1, 347);
INSERT INTO Order_Items (item_id, order_id, product_id, quantity, unit_price) VALUES (46, 116, 2, 5, 56);
INSERT INTO Order_Items (item_id, order_id, product_id, quantity, unit_price) VALUES (47, 259, 7, 2, 449);
INSERT INTO Order_Items (item_id, order_id, product_id, quantity, unit_price) VALUES (48, 358, 11, 1, 394);
INSERT INTO Order_Items (item_id, order_id, product_id, quantity, unit_price) VALUES (49, 439, 12, 3, 257);
INSERT INTO Order_Items (item_id, order_id, product_id, quantity, unit_price) VALUES (50, 16, 13, 4, 225);
INSERT INTO Order_Items (item_id, order_id, product_id, quantity, unit_price) VALUES (51, 160, 3, 4, 265);
INSERT INTO Order_Items (item_id, order_id, product_id, quantity, unit_price) VALUES (52, 461, 4, 3, 149);
INSERT INTO Order_Items (item_id, order_id, product_id, quantity, unit_price) VALUES (53, 231, 1, 5, 379);
INSERT INTO Order_Items (item_id, order_id, product_id, quantity, unit_price) VALUES (54, 89, 19, 1, 52);
INSERT INTO Order_Items (item_id, order_id, product_id, quantity, unit_price) VALUES (55, 310, 30, 3, 204);
INSERT INTO Order_Items (item_id, order_id, product_id, quantity, unit_price) VALUES (56, 267, 21, 1, 59);
INSERT INTO Order_Items (item_id, order_id, product_id, quantity, unit_price) VALUES (57, 196, 13, 1, 194);
INSERT INTO Order_Items (item_id, order_id, product_id, quantity, unit_price) VALUES (58, 64, 7, 4, 410);
INSERT INTO Order_Items (item_id, order_id, product_id, quantity, unit_price) VALUES (59, 318, 14, 1, 416);
INSERT INTO Order_Items (item_id, order_id, product_id, quantity, unit_price) VALUES (60, 81, 11, 4, 356);
INSERT INTO Order_Items (item_id, order_id, product_id, quantity, unit_price) VALUES (61, 306, 6, 3, 397);
INSERT INTO Order_Items (item_id, order_id, product_id, quantity, unit_price) VALUES (62, 270, 30, 5, 374);
INSERT INTO Order_Items (item_id, order_id, product_id, quantity, unit_price) VALUES (63, 326, 23, 2, 42);
INSERT INTO Order_Items (item_id, order_id, product_id, quantity, unit_price) VALUES (64, 365, 19, 5, 353);
INSERT INTO Order_Items (item_id, order_id, product_id, quantity, unit_price) VALUES (65, 334, 5, 3, 97);
INSERT INTO Order_Items (item_id, order_id, product_id, quantity, unit_price) VALUES (66, 220, 15, 2, 27);
INSERT INTO Order_Items (item_id, order_id, product_id, quantity, unit_price) VALUES (67, 204, 29, 3, 390);
INSERT INTO Order_Items (item_id, order_id, product_id, quantity, unit_price) VALUES (68, 77, 30, 5, 452);
INSERT INTO Order_Items (item_id, order_id, product_id, quantity, unit_price) VALUES (69, 299, 18, 1, 157);
INSERT INTO Order_Items (item_id, order_id, product_id, quantity, unit_price) VALUES (70, 358, 13, 2, 234);
INSERT INTO Order_Items (item_id, order_id, product_id, quantity, unit_price) VALUES (71, 280, 10, 5, 238);
INSERT INTO Order_Items (item_id, order_id, product_id, quantity, unit_price) VALUES (72, 172, 15, 4, 408);
INSERT INTO Order_Items (item_id, order_id, product_id, quantity, unit_price) VALUES (73, 267, 8, 4, 295);
INSERT INTO Order_Items (item_id, order_id, product_id, quantity, unit_price) VALUES (74, 175, 2, 3, 346);
INSERT INTO Order_Items (item_id, order_id, product_id, quantity, unit_price) VALUES (75, 46, 29, 3, 17);
INSERT INTO Order_Items (item_id, order_id, product_id, quantity, unit_price) VALUES (76, 323, 4, 1, 428);
INSERT INTO Order_Items (item_id, order_id, product_id, quantity, unit_price) VALUES (77, 195, 18, 2, 122);
INSERT INTO Order_Items (item_id, order_id, product_id, quantity, unit_price) VALUES (78, 223, 26, 5, 163);
INSERT INTO Order_Items (item_id, order_id, product_id, quantity, unit_price) VALUES (79, 69, 1, 2, 446);
INSERT INTO Order_Items (item_id, order_id, product_id, quantity, unit_price) VALUES (80, 75, 5, 2, 161);
INSERT INTO Order_Items (item_id, order_id, product_id, quantity, unit_price) VALUES (81, 483, 25, 3, 365);
INSERT INTO Order_Items (item_id, order_id, product_id, quantity, unit_price) VALUES (82, 12, 26, 1, 201);
INSERT INTO Order_Items (item_id, order_id, product_id, quantity, unit_price) VALUES (83, 254, 23, 3, 208);
INSERT INTO Order_Items (item_id, order_id, product_id, quantity, unit_price) VALUES (84, 72, 13, 5, 484);
INSERT INTO Order_Items (item_id, order_id, product_id, quantity, unit_price) VALUES (85, 295, 2, 3, 263);
INSERT INTO Order_Items (item_id, order_id, product_id, quantity, unit_price) VALUES (86, 270, 12, 3, 405);
INSERT INTO Order_Items (item_id, order_id, product_id, quantity, unit_price) VALUES (87, 288, 24, 1, 217);
INSERT INTO Order_Items (item_id, order_id, product_id, quantity, unit_price) VALUES (88, 57, 27, 3, 446);
INSERT INTO Order_Items (item_id, order_id, product_id, quantity, unit_price) VALUES (89, 245, 27, 4, 151);
INSERT INTO Order_Items (item_id, order_id, product_id, quantity, unit_price) VALUES (90, 430, 9, 2, 205);
INSERT INTO Order_Items (item_id, order_id, product_id, quantity, unit_price) VALUES (91, 221, 17, 5, 238);
INSERT INTO Order_Items (item_id, order_id, product_id, quantity, unit_price) VALUES (92, 337, 6, 1, 420);
INSERT INTO Order_Items (item_id, order_id, product_id, quantity, unit_price) VALUES (93, 409, 5, 4, 34);
INSERT INTO Order_Items (item_id, order_id, product_id, quantity, unit_price) VALUES (94, 419, 5, 1, 432);
INSERT INTO Order_Items (item_id, order_id, product_id, quantity, unit_price) VALUES (95, 140, 29, 1, 393);
INSERT INTO Order_Items (item_id, order_id, product_id, quantity, unit_price) VALUES (96, 450, 30, 2, 188);
INSERT INTO Order_Items (item_id, order_id, product_id, quantity, unit_price) VALUES (97, 219, 22, 2, 309);
INSERT INTO Order_Items (item_id, order_id, product_id, quantity, unit_price) VALUES (98, 282, 14, 3, 467);
INSERT INTO Order_Items (item_id, order_id, product_id, quantity, unit_price) VALUES (99, 59, 28, 2, 87);
INSERT INTO Order_Items (item_id, order_id, product_id, quantity, unit_price) VALUES (100, 135, 1, 4, 335);
INSERT INTO Order_Items (item_id, order_id, product_id, quantity, unit_price) VALUES (101, 91, 12, 2, 134);
INSERT INTO Order_Items (item_id, order_id, product_id, quantity, unit_price) VALUES (102, 228, 10, 2, 21);
INSERT INTO Order_Items (item_id, order_id, product_id, quantity, unit_price) VALUES (103, 340, 24, 3, 101);
INSERT INTO Order_Items (item_id, order_id, product_id, quantity, unit_price) VALUES (104, 195, 16, 1, 461);
INSERT INTO Order_Items (item_id, order_id, product_id, quantity, unit_price) VALUES (105, 247, 28, 3, 169);
INSERT INTO Order_Items (item_id, order_id, product_id, quantity, unit_price) VALUES (106, 309, 11, 2, 394);
INSERT INTO Order_Items (item_id, order_id, product_id, quantity, unit_price) VALUES (107, 101, 9, 1, 199);
INSERT INTO Order_Items (item_id, order_id, product_id, quantity, unit_price) VALUES (108, 52, 20, 1, 100);
INSERT INTO Order_Items (item_id, order_id, product_id, quantity, unit_price) VALUES (109, 238, 10, 1, 51);
INSERT INTO Order_Items (item_id, order_id, product_id, quantity, unit_price) VALUES (110, 51, 9, 2, 50);
INSERT INTO Order_Items (item_id, order_id, product_id, quantity, unit_price) VALUES (111, 176, 12, 5, 165);
INSERT INTO Order_Items (item_id, order_id, product_id, quantity, unit_price) VALUES (112, 471, 25, 2, 235);
INSERT INTO Order_Items (item_id, order_id, product_id, quantity, unit_price) VALUES (113, 48, 17, 1, 150);
INSERT INTO Order_Items (item_id, order_id, product_id, quantity, unit_price) VALUES (114, 104, 27, 5, 464);
INSERT INTO Order_Items (item_id, order_id, product_id, quantity, unit_price) VALUES (115, 224, 26, 3, 318);
INSERT INTO Order_Items (item_id, order_id, product_id, quantity, unit_price) VALUES (116, 209, 28, 5, 221);
INSERT INTO Order_Items (item_id, order_id, product_id, quantity, unit_price) VALUES (117, 35, 21, 3, 312);
INSERT INTO Order_Items (item_id, order_id, product_id, quantity, unit_price) VALUES (118, 365, 22, 5, 368);
INSERT INTO Order_Items (item_id, order_id, product_id, quantity, unit_price) VALUES (119, 109, 6, 5, 237);
INSERT INTO Order_Items (item_id, order_id, product_id, quantity, unit_price) VALUES (120, 377, 28, 1, 461);
INSERT INTO Order_Items (item_id, order_id, product_id, quantity, unit_price) VALUES (121, 440, 15, 4, 399);
INSERT INTO Order_Items (item_id, order_id, product_id, quantity, unit_price) VALUES (122, 287, 3, 2, 121);
INSERT INTO Order_Items (item_id, order_id, product_id, quantity, unit_price) VALUES (123, 120, 20, 1, 265);
INSERT INTO Order_Items (item_id, order_id, product_id, quantity, unit_price) VALUES (124, 233, 22, 1, 413);
INSERT INTO Order_Items (item_id, order_id, product_id, quantity, unit_price) VALUES (125, 216, 15, 5, 461);
INSERT INTO Order_Items (item_id, order_id, product_id, quantity, unit_price) VALUES (126, 139, 23, 1, 213);
INSERT INTO Order_Items (item_id, order_id, product_id, quantity, unit_price) VALUES (127, 225, 28, 4, 223);
INSERT INTO Order_Items (item_id, order_id, product_id, quantity, unit_price) VALUES (128, 119, 1, 5, 247);
INSERT INTO Order_Items (item_id, order_id, product_id, quantity, unit_price) VALUES (129, 371, 6, 4, 121);
INSERT INTO Order_Items (item_id, order_id, product_id, quantity, unit_price) VALUES (130, 376, 15, 2, 37);
INSERT INTO Order_Items (item_id, order_id, product_id, quantity, unit_price) VALUES (131, 439, 17, 5, 368);
INSERT INTO Order_Items (item_id, order_id, product_id, quantity, unit_price) VALUES (132, 497, 28, 1, 317);
INSERT INTO Order_Items (item_id, order_id, product_id, quantity, unit_price) VALUES (133, 407, 5, 2, 203);
INSERT INTO Order_Items (item_id, order_id, product_id, quantity, unit_price) VALUES (134, 103, 19, 3, 278);
INSERT INTO Order_Items (item_id, order_id, product_id, quantity, unit_price) VALUES (135, 194, 22, 3, 418);
INSERT INTO Order_Items (item_id, order_id, product_id, quantity, unit_price) VALUES (136, 467, 20, 4, 22);
INSERT INTO Order_Items (item_id, order_id, product_id, quantity, unit_price) VALUES (137, 271, 18, 4, 308);
INSERT INTO Order_Items (item_id, order_id, product_id, quantity, unit_price) VALUES (138, 269, 10, 3, 370);
INSERT INTO Order_Items (item_id, order_id, product_id, quantity, unit_price) VALUES (139, 322, 22, 5, 426);
INSERT INTO Order_Items (item_id, order_id, product_id, quantity, unit_price) VALUES (140, 424, 11, 3, 67);
INSERT INTO Order_Items (item_id, order_id, product_id, quantity, unit_price) VALUES (141, 174, 2, 4, 152);
INSERT INTO Order_Items (item_id, order_id, product_id, quantity, unit_price) VALUES (142, 126, 27, 4, 253);
INSERT INTO Order_Items (item_id, order_id, product_id, quantity, unit_price) VALUES (143, 153, 28, 2, 472);
INSERT INTO Order_Items (item_id, order_id, product_id, quantity, unit_price) VALUES (144, 389, 20, 1, 476);
INSERT INTO Order_Items (item_id, order_id, product_id, quantity, unit_price) VALUES (145, 23, 12, 5, 189);
INSERT INTO Order_Items (item_id, order_id, product_id, quantity, unit_price) VALUES (146, 477, 25, 3, 268);
INSERT INTO Order_Items (item_id, order_id, product_id, quantity, unit_price) VALUES (147, 424, 20, 3, 279);
INSERT INTO Order_Items (item_id, order_id, product_id, quantity, unit_price) VALUES (148, 181, 1, 2, 347);
INSERT INTO Order_Items (item_id, order_id, product_id, quantity, unit_price) VALUES (149, 270, 10, 2, 81);
INSERT INTO Order_Items (item_id, order_id, product_id, quantity, unit_price) VALUES (150, 351, 22, 3, 28);
INSERT INTO Order_Items (item_id, order_id, product_id, quantity, unit_price) VALUES (151, 183, 19, 1, 279);
INSERT INTO Order_Items (item_id, order_id, product_id, quantity, unit_price) VALUES (152, 330, 24, 5, 298);
INSERT INTO Order_Items (item_id, order_id, product_id, quantity, unit_price) VALUES (153, 242, 30, 5, 324);
INSERT INTO Order_Items (item_id, order_id, product_id, quantity, unit_price) VALUES (154, 246, 25, 5, 213);
INSERT INTO Order_Items (item_id, order_id, product_id, quantity, unit_price) VALUES (155, 78, 17, 1, 345);
INSERT INTO Order_Items (item_id, order_id, product_id, quantity, unit_price) VALUES (156, 110, 26, 5, 238);
INSERT INTO Order_Items (item_id, order_id, product_id, quantity, unit_price) VALUES (157, 263, 4, 3, 389);
INSERT INTO Order_Items (item_id, order_id, product_id, quantity, unit_price) VALUES (158, 489, 4, 5, 421);
INSERT INTO Order_Items (item_id, order_id, product_id, quantity, unit_price) VALUES (159, 178, 18, 4, 420);
INSERT INTO Order_Items (item_id, order_id, product_id, quantity, unit_price) VALUES (160, 288, 12, 1, 147);
INSERT INTO Order_Items (item_id, order_id, product_id, quantity, unit_price) VALUES (161, 452, 21, 2, 159);
INSERT INTO Order_Items (item_id, order_id, product_id, quantity, unit_price) VALUES (162, 347, 26, 2, 466);
INSERT INTO Order_Items (item_id, order_id, product_id, quantity, unit_price) VALUES (163, 123, 9, 4, 24);
INSERT INTO Order_Items (item_id, order_id, product_id, quantity, unit_price) VALUES (164, 365, 27, 1, 46);
INSERT INTO Order_Items (item_id, order_id, product_id, quantity, unit_price) VALUES (165, 129, 16, 2, 379);
INSERT INTO Order_Items (item_id, order_id, product_id, quantity, unit_price) VALUES (166, 302, 6, 5, 209);
INSERT INTO Order_Items (item_id, order_id, product_id, quantity, unit_price) VALUES (167, 34, 16, 5, 315);
INSERT INTO Order_Items (item_id, order_id, product_id, quantity, unit_price) VALUES (168, 214, 27, 3, 249);
INSERT INTO Order_Items (item_id, order_id, product_id, quantity, unit_price) VALUES (169, 14, 4, 2, 380);
INSERT INTO Order_Items (item_id, order_id, product_id, quantity, unit_price) VALUES (170, 376, 15, 3, 353);
INSERT INTO Order_Items (item_id, order_id, product_id, quantity, unit_price) VALUES (171, 92, 26, 1, 151);
INSERT INTO Order_Items (item_id, order_id, product_id, quantity, unit_price) VALUES (172, 177, 8, 4, 184);
INSERT INTO Order_Items (item_id, order_id, product_id, quantity, unit_price) VALUES (173, 427, 16, 3, 215);
INSERT INTO Order_Items (item_id, order_id, product_id, quantity, unit_price) VALUES (174, 306, 10, 4, 482);
INSERT INTO Order_Items (item_id, order_id, product_id, quantity, unit_price) VALUES (175, 160, 3, 1, 337);
INSERT INTO Order_Items (item_id, order_id, product_id, quantity, unit_price) VALUES (176, 87, 12, 4, 243);
INSERT INTO Order_Items (item_id, order_id, product_id, quantity, unit_price) VALUES (177, 280, 9, 1, 121);
INSERT INTO Order_Items (item_id, order_id, product_id, quantity, unit_price) VALUES (178, 100, 4, 3, 235);
INSERT INTO Order_Items (item_id, order_id, product_id, quantity, unit_price) VALUES (179, 350, 8, 2, 340);
INSERT INTO Order_Items (item_id, order_id, product_id, quantity, unit_price) VALUES (180, 164, 20, 5, 19);
INSERT INTO Order_Items (item_id, order_id, product_id, quantity, unit_price) VALUES (181, 176, 25, 1, 348);
INSERT INTO Order_Items (item_id, order_id, product_id, quantity, unit_price) VALUES (182, 139, 16, 2, 195);
INSERT INTO Order_Items (item_id, order_id, product_id, quantity, unit_price) VALUES (183, 60, 23, 3, 186);
INSERT INTO Order_Items (item_id, order_id, product_id, quantity, unit_price) VALUES (184, 2, 23, 4, 78);
INSERT INTO Order_Items (item_id, order_id, product_id, quantity, unit_price) VALUES (185, 149, 8, 5, 450);
INSERT INTO Order_Items (item_id, order_id, product_id, quantity, unit_price) VALUES (186, 325, 1, 1, 267);
INSERT INTO Order_Items (item_id, order_id, product_id, quantity, unit_price) VALUES (187, 144, 18, 3, 156);
INSERT INTO Order_Items (item_id, order_id, product_id, quantity, unit_price) VALUES (188, 24, 25, 4, 393);
INSERT INTO Order_Items (item_id, order_id, product_id, quantity, unit_price) VALUES (189, 479, 19, 2, 330);
INSERT INTO Order_Items (item_id, order_id, product_id, quantity, unit_price) VALUES (190, 280, 10, 2, 292);
INSERT INTO Order_Items (item_id, order_id, product_id, quantity, unit_price) VALUES (191, 297, 20, 5, 435);
INSERT INTO Order_Items (item_id, order_id, product_id, quantity, unit_price) VALUES (192, 52, 12, 5, 251);
INSERT INTO Order_Items (item_id, order_id, product_id, quantity, unit_price) VALUES (193, 54, 3, 1, 28);
INSERT INTO Order_Items (item_id, order_id, product_id, quantity, unit_price) VALUES (194, 150, 13, 2, 262);
INSERT INTO Order_Items (item_id, order_id, product_id, quantity, unit_price) VALUES (195, 454, 24, 1, 64);
INSERT INTO Order_Items (item_id, order_id, product_id, quantity, unit_price) VALUES (196, 196, 6, 3, 342);
INSERT INTO Order_Items (item_id, order_id, product_id, quantity, unit_price) VALUES (197, 337, 18, 5, 125);
INSERT INTO Order_Items (item_id, order_id, product_id, quantity, unit_price) VALUES (198, 236, 19, 5, 213);
INSERT INTO Order_Items (item_id, order_id, product_id, quantity, unit_price) VALUES (199, 151, 23, 4, 281);
INSERT INTO Order_Items (item_id, order_id, product_id, quantity, unit_price) VALUES (200, 211, 2, 1, 452);
INSERT INTO Order_Items (item_id, order_id, product_id, quantity, unit_price) VALUES (201, 5, 16, 4, 56);
INSERT INTO Order_Items (item_id, order_id, product_id, quantity, unit_price) VALUES (202, 349, 2, 3, 386);
INSERT INTO Order_Items (item_id, order_id, product_id, quantity, unit_price) VALUES (203, 126, 1, 3, 465);
INSERT INTO Order_Items (item_id, order_id, product_id, quantity, unit_price) VALUES (204, 46, 18, 5, 253);
INSERT INTO Order_Items (item_id, order_id, product_id, quantity, unit_price) VALUES (205, 63, 14, 2, 475);
INSERT INTO Order_Items (item_id, order_id, product_id, quantity, unit_price) VALUES (206, 155, 21, 5, 160);
INSERT INTO Order_Items (item_id, order_id, product_id, quantity, unit_price) VALUES (207, 362, 2, 5, 278);
INSERT INTO Order_Items (item_id, order_id, product_id, quantity, unit_price) VALUES (208, 378, 16, 2, 208);
INSERT INTO Order_Items (item_id, order_id, product_id, quantity, unit_price) VALUES (209, 114, 14, 2, 63);
INSERT INTO Order_Items (item_id, order_id, product_id, quantity, unit_price) VALUES (210, 190, 20, 2, 119);
INSERT INTO Order_Items (item_id, order_id, product_id, quantity, unit_price) VALUES (211, 306, 11, 1, 314);
INSERT INTO Order_Items (item_id, order_id, product_id, quantity, unit_price) VALUES (212, 385, 21, 3, 451);
INSERT INTO Order_Items (item_id, order_id, product_id, quantity, unit_price) VALUES (213, 483, 10, 1, 31);
INSERT INTO Order_Items (item_id, order_id, product_id, quantity, unit_price) VALUES (214, 283, 2, 4, 147);
INSERT INTO Order_Items (item_id, order_id, product_id, quantity, unit_price) VALUES (215, 72, 28, 2, 498);
INSERT INTO Order_Items (item_id, order_id, product_id, quantity, unit_price) VALUES (216, 476, 24, 1, 171);
INSERT INTO Order_Items (item_id, order_id, product_id, quantity, unit_price) VALUES (217, 280, 18, 5, 166);
INSERT INTO Order_Items (item_id, order_id, product_id, quantity, unit_price) VALUES (218, 494, 8, 3, 405);
INSERT INTO Order_Items (item_id, order_id, product_id, quantity, unit_price) VALUES (219, 61, 22, 5, 455);
INSERT INTO Order_Items (item_id, order_id, product_id, quantity, unit_price) VALUES (220, 372, 4, 2, 480);
INSERT INTO Order_Items (item_id, order_id, product_id, quantity, unit_price) VALUES (221, 212, 20, 4, 32);
INSERT INTO Order_Items (item_id, order_id, product_id, quantity, unit_price) VALUES (222, 218, 5, 5, 414);
INSERT INTO Order_Items (item_id, order_id, product_id, quantity, unit_price) VALUES (223, 46, 23, 2, 184);
INSERT INTO Order_Items (item_id, order_id, product_id, quantity, unit_price) VALUES (224, 331, 1, 5, 205);
INSERT INTO Order_Items (item_id, order_id, product_id, quantity, unit_price) VALUES (225, 64, 20, 4, 447);
INSERT INTO Order_Items (item_id, order_id, product_id, quantity, unit_price) VALUES (226, 453, 14, 2, 188);
INSERT INTO Order_Items (item_id, order_id, product_id, quantity, unit_price) VALUES (227, 493, 27, 2, 325);
INSERT INTO Order_Items (item_id, order_id, product_id, quantity, unit_price) VALUES (228, 43, 21, 4, 426);
INSERT INTO Order_Items (item_id, order_id, product_id, quantity, unit_price) VALUES (229, 57, 19, 4, 214);
INSERT INTO Order_Items (item_id, order_id, product_id, quantity, unit_price) VALUES (230, 189, 12, 2, 291);
INSERT INTO Order_Items (item_id, order_id, product_id, quantity, unit_price) VALUES (231, 382, 13, 2, 432);
INSERT INTO Order_Items (item_id, order_id, product_id, quantity, unit_price) VALUES (232, 154, 20, 3, 83);
INSERT INTO Order_Items (item_id, order_id, product_id, quantity, unit_price) VALUES (233, 196, 18, 2, 341);
INSERT INTO Order_Items (item_id, order_id, product_id, quantity, unit_price) VALUES (234, 78, 1, 2, 458);
INSERT INTO Order_Items (item_id, order_id, product_id, quantity, unit_price) VALUES (235, 62, 29, 2, 141);
INSERT INTO Order_Items (item_id, order_id, product_id, quantity, unit_price) VALUES (236, 356, 10, 3, 160);
INSERT INTO Order_Items (item_id, order_id, product_id, quantity, unit_price) VALUES (237, 470, 11, 3, 69);
INSERT INTO Order_Items (item_id, order_id, product_id, quantity, unit_price) VALUES (238, 477, 12, 5, 411);
INSERT INTO Order_Items (item_id, order_id, product_id, quantity, unit_price) VALUES (239, 447, 17, 2, 77);
INSERT INTO Order_Items (item_id, order_id, product_id, quantity, unit_price) VALUES (240, 167, 30, 2, 364);
INSERT INTO Order_Items (item_id, order_id, product_id, quantity, unit_price) VALUES (241, 388, 28, 3, 283);
INSERT INTO Order_Items (item_id, order_id, product_id, quantity, unit_price) VALUES (242, 70, 14, 5, 288);
INSERT INTO Order_Items (item_id, order_id, product_id, quantity, unit_price) VALUES (243, 337, 17, 1, 236);
INSERT INTO Order_Items (item_id, order_id, product_id, quantity, unit_price) VALUES (244, 440, 16, 5, 496);
INSERT INTO Order_Items (item_id, order_id, product_id, quantity, unit_price) VALUES (245, 61, 27, 4, 489);
INSERT INTO Order_Items (item_id, order_id, product_id, quantity, unit_price) VALUES (246, 66, 5, 2, 457);
INSERT INTO Order_Items (item_id, order_id, product_id, quantity, unit_price) VALUES (247, 314, 5, 5, 117);
INSERT INTO Order_Items (item_id, order_id, product_id, quantity, unit_price) VALUES (248, 145, 25, 1, 243);
INSERT INTO Order_Items (item_id, order_id, product_id, quantity, unit_price) VALUES (249, 215, 25, 1, 260);
INSERT INTO Order_Items (item_id, order_id, product_id, quantity, unit_price) VALUES (250, 227, 12, 3, 196);
INSERT INTO Order_Items (item_id, order_id, product_id, quantity, unit_price) VALUES (251, 302, 22, 1, 288);
INSERT INTO Order_Items (item_id, order_id, product_id, quantity, unit_price) VALUES (252, 430, 6, 5, 34);
INSERT INTO Order_Items (item_id, order_id, product_id, quantity, unit_price) VALUES (253, 276, 21, 4, 24);
INSERT INTO Order_Items (item_id, order_id, product_id, quantity, unit_price) VALUES (254, 264, 28, 3, 82);
INSERT INTO Order_Items (item_id, order_id, product_id, quantity, unit_price) VALUES (255, 299, 20, 5, 431);
INSERT INTO Order_Items (item_id, order_id, product_id, quantity, unit_price) VALUES (256, 8, 24, 1, 278);
INSERT INTO Order_Items (item_id, order_id, product_id, quantity, unit_price) VALUES (257, 481, 2, 5, 72);
INSERT INTO Order_Items (item_id, order_id, product_id, quantity, unit_price) VALUES (258, 67, 12, 1, 60);
INSERT INTO Order_Items (item_id, order_id, product_id, quantity, unit_price) VALUES (259, 76, 26, 5, 285);
INSERT INTO Order_Items (item_id, order_id, product_id, quantity, unit_price) VALUES (260, 88, 12, 5, 384);
INSERT INTO Order_Items (item_id, order_id, product_id, quantity, unit_price) VALUES (261, 237, 21, 3, 458);
INSERT INTO Order_Items (item_id, order_id, product_id, quantity, unit_price) VALUES (262, 21, 4, 3, 307);
INSERT INTO Order_Items (item_id, order_id, product_id, quantity, unit_price) VALUES (263, 490, 17, 4, 121);
INSERT INTO Order_Items (item_id, order_id, product_id, quantity, unit_price) VALUES (264, 158, 3, 5, 130);
INSERT INTO Order_Items (item_id, order_id, product_id, quantity, unit_price) VALUES (265, 135, 27, 4, 428);
INSERT INTO Order_Items (item_id, order_id, product_id, quantity, unit_price) VALUES (266, 76, 18, 1, 297);
INSERT INTO Order_Items (item_id, order_id, product_id, quantity, unit_price) VALUES (267, 64, 16, 5, 307);
INSERT INTO Order_Items (item_id, order_id, product_id, quantity, unit_price) VALUES (268, 257, 7, 3, 41);
INSERT INTO Order_Items (item_id, order_id, product_id, quantity, unit_price) VALUES (269, 498, 18, 3, 352);
INSERT INTO Order_Items (item_id, order_id, product_id, quantity, unit_price) VALUES (270, 434, 14, 5, 305);
INSERT INTO Order_Items (item_id, order_id, product_id, quantity, unit_price) VALUES (271, 392, 7, 4, 184);
INSERT INTO Order_Items (item_id, order_id, product_id, quantity, unit_price) VALUES (272, 264, 28, 1, 181);
INSERT INTO Order_Items (item_id, order_id, product_id, quantity, unit_price) VALUES (273, 226, 5, 4, 474);
INSERT INTO Order_Items (item_id, order_id, product_id, quantity, unit_price) VALUES (274, 234, 22, 1, 450);
INSERT INTO Order_Items (item_id, order_id, product_id, quantity, unit_price) VALUES (275, 459, 4, 3, 80);
INSERT INTO Order_Items (item_id, order_id, product_id, quantity, unit_price) VALUES (276, 109, 18, 1, 232);
INSERT INTO Order_Items (item_id, order_id, product_id, quantity, unit_price) VALUES (277, 36, 21, 5, 368);
INSERT INTO Order_Items (item_id, order_id, product_id, quantity, unit_price) VALUES (278, 422, 30, 5, 439);
INSERT INTO Order_Items (item_id, order_id, product_id, quantity, unit_price) VALUES (279, 465, 27, 5, 302);
INSERT INTO Order_Items (item_id, order_id, product_id, quantity, unit_price) VALUES (280, 431, 2, 1, 24);
INSERT INTO Order_Items (item_id, order_id, product_id, quantity, unit_price) VALUES (281, 449, 27, 3, 425);
INSERT INTO Order_Items (item_id, order_id, product_id, quantity, unit_price) VALUES (282, 364, 15, 5, 85);
INSERT INTO Order_Items (item_id, order_id, product_id, quantity, unit_price) VALUES (283, 442, 6, 4, 32);
INSERT INTO Order_Items (item_id, order_id, product_id, quantity, unit_price) VALUES (284, 423, 29, 1, 27);
INSERT INTO Order_Items (item_id, order_id, product_id, quantity, unit_price) VALUES (285, 206, 3, 5, 469);
INSERT INTO Order_Items (item_id, order_id, product_id, quantity, unit_price) VALUES (286, 217, 24, 4, 286);
INSERT INTO Order_Items (item_id, order_id, product_id, quantity, unit_price) VALUES (287, 418, 6, 5, 395);
INSERT INTO Order_Items (item_id, order_id, product_id, quantity, unit_price) VALUES (288, 353, 28, 5, 296);
INSERT INTO Order_Items (item_id, order_id, product_id, quantity, unit_price) VALUES (289, 184, 25, 3, 205);
INSERT INTO Order_Items (item_id, order_id, product_id, quantity, unit_price) VALUES (290, 333, 9, 1, 432);
INSERT INTO Order_Items (item_id, order_id, product_id, quantity, unit_price) VALUES (291, 131, 12, 4, 333);
INSERT INTO Order_Items (item_id, order_id, product_id, quantity, unit_price) VALUES (292, 46, 3, 4, 260);
INSERT INTO Order_Items (item_id, order_id, product_id, quantity, unit_price) VALUES (293, 294, 15, 1, 477);
INSERT INTO Order_Items (item_id, order_id, product_id, quantity, unit_price) VALUES (294, 120, 24, 4, 312);
INSERT INTO Order_Items (item_id, order_id, product_id, quantity, unit_price) VALUES (295, 155, 24, 3, 266);
INSERT INTO Order_Items (item_id, order_id, product_id, quantity, unit_price) VALUES (296, 133, 8, 4, 339);
INSERT INTO Order_Items (item_id, order_id, product_id, quantity, unit_price) VALUES (297, 77, 8, 5, 89);
INSERT INTO Order_Items (item_id, order_id, product_id, quantity, unit_price) VALUES (298, 323, 11, 1, 274);
INSERT INTO Order_Items (item_id, order_id, product_id, quantity, unit_price) VALUES (299, 160, 24, 2, 206);
INSERT INTO Order_Items (item_id, order_id, product_id, quantity, unit_price) VALUES (300, 293, 15, 2, 247);
INSERT INTO Order_Items (item_id, order_id, product_id, quantity, unit_price) VALUES (301, 2, 27, 2, 372);
INSERT INTO Order_Items (item_id, order_id, product_id, quantity, unit_price) VALUES (302, 170, 20, 5, 322);
INSERT INTO Order_Items (item_id, order_id, product_id, quantity, unit_price) VALUES (303, 478, 23, 2, 312);
INSERT INTO Order_Items (item_id, order_id, product_id, quantity, unit_price) VALUES (304, 63, 6, 1, 273);
INSERT INTO Order_Items (item_id, order_id, product_id, quantity, unit_price) VALUES (305, 484, 30, 4, 489);
INSERT INTO Order_Items (item_id, order_id, product_id, quantity, unit_price) VALUES (306, 138, 13, 1, 377);
INSERT INTO Order_Items (item_id, order_id, product_id, quantity, unit_price) VALUES (307, 441, 8, 1, 245);
INSERT INTO Order_Items (item_id, order_id, product_id, quantity, unit_price) VALUES (308, 28, 18, 4, 460);
INSERT INTO Order_Items (item_id, order_id, product_id, quantity, unit_price) VALUES (309, 493, 9, 1, 121);
INSERT INTO Order_Items (item_id, order_id, product_id, quantity, unit_price) VALUES (310, 184, 27, 2, 315);
INSERT INTO Order_Items (item_id, order_id, product_id, quantity, unit_price) VALUES (311, 440, 5, 3, 351);
INSERT INTO Order_Items (item_id, order_id, product_id, quantity, unit_price) VALUES (312, 15, 28, 1, 104);
INSERT INTO Order_Items (item_id, order_id, product_id, quantity, unit_price) VALUES (313, 430, 9, 1, 37);
INSERT INTO Order_Items (item_id, order_id, product_id, quantity, unit_price) VALUES (314, 437, 1, 2, 336);
INSERT INTO Order_Items (item_id, order_id, product_id, quantity, unit_price) VALUES (315, 113, 29, 1, 192);
INSERT INTO Order_Items (item_id, order_id, product_id, quantity, unit_price) VALUES (316, 293, 15, 2, 91);
INSERT INTO Order_Items (item_id, order_id, product_id, quantity, unit_price) VALUES (317, 188, 18, 2, 391);
INSERT INTO Order_Items (item_id, order_id, product_id, quantity, unit_price) VALUES (318, 294, 27, 4, 73);
INSERT INTO Order_Items (item_id, order_id, product_id, quantity, unit_price) VALUES (319, 98, 17, 1, 213);
INSERT INTO Order_Items (item_id, order_id, product_id, quantity, unit_price) VALUES (320, 101, 3, 1, 346);
INSERT INTO Order_Items (item_id, order_id, product_id, quantity, unit_price) VALUES (321, 195, 26, 3, 484);
INSERT INTO Order_Items (item_id, order_id, product_id, quantity, unit_price) VALUES (322, 94, 5, 1, 229);
INSERT INTO Order_Items (item_id, order_id, product_id, quantity, unit_price) VALUES (323, 430, 14, 1, 166);
INSERT INTO Order_Items (item_id, order_id, product_id, quantity, unit_price) VALUES (324, 78, 9, 3, 408);
INSERT INTO Order_Items (item_id, order_id, product_id, quantity, unit_price) VALUES (325, 235, 20, 3, 131);
INSERT INTO Order_Items (item_id, order_id, product_id, quantity, unit_price) VALUES (326, 144, 23, 4, 78);
INSERT INTO Order_Items (item_id, order_id, product_id, quantity, unit_price) VALUES (327, 20, 12, 1, 499);
INSERT INTO Order_Items (item_id, order_id, product_id, quantity, unit_price) VALUES (328, 356, 30, 5, 289);
INSERT INTO Order_Items (item_id, order_id, product_id, quantity, unit_price) VALUES (329, 451, 8, 3, 331);
INSERT INTO Order_Items (item_id, order_id, product_id, quantity, unit_price) VALUES (330, 65, 14, 5, 220);
INSERT INTO Order_Items (item_id, order_id, product_id, quantity, unit_price) VALUES (331, 124, 16, 3, 445);
INSERT INTO Order_Items (item_id, order_id, product_id, quantity, unit_price) VALUES (332, 374, 14, 3, 175);
INSERT INTO Order_Items (item_id, order_id, product_id, quantity, unit_price) VALUES (333, 327, 12, 5, 453);
INSERT INTO Order_Items (item_id, order_id, product_id, quantity, unit_price) VALUES (334, 253, 20, 3, 385);
INSERT INTO Order_Items (item_id, order_id, product_id, quantity, unit_price) VALUES (335, 42, 8, 3, 287);
INSERT INTO Order_Items (item_id, order_id, product_id, quantity, unit_price) VALUES (336, 161, 4, 1, 500);
INSERT INTO Order_Items (item_id, order_id, product_id, quantity, unit_price) VALUES (337, 148, 15, 5, 111);
INSERT INTO Order_Items (item_id, order_id, product_id, quantity, unit_price) VALUES (338, 321, 15, 3, 222);
INSERT INTO Order_Items (item_id, order_id, product_id, quantity, unit_price) VALUES (339, 4, 4, 4, 415);
INSERT INTO Order_Items (item_id, order_id, product_id, quantity, unit_price) VALUES (340, 484, 4, 1, 345);
INSERT INTO Order_Items (item_id, order_id, product_id, quantity, unit_price) VALUES (341, 17, 4, 4, 92);
INSERT INTO Order_Items (item_id, order_id, product_id, quantity, unit_price) VALUES (342, 61, 14, 3, 425);
INSERT INTO Order_Items (item_id, order_id, product_id, quantity, unit_price) VALUES (343, 24, 3, 3, 34);
INSERT INTO Order_Items (item_id, order_id, product_id, quantity, unit_price) VALUES (344, 496, 25, 2, 115);
INSERT INTO Order_Items (item_id, order_id, product_id, quantity, unit_price) VALUES (345, 191, 8, 4, 96);
INSERT INTO Order_Items (item_id, order_id, product_id, quantity, unit_price) VALUES (346, 362, 29, 3, 495);
INSERT INTO Order_Items (item_id, order_id, product_id, quantity, unit_price) VALUES (347, 461, 7, 5, 188);
INSERT INTO Order_Items (item_id, order_id, product_id, quantity, unit_price) VALUES (348, 384, 15, 4, 323);
INSERT INTO Order_Items (item_id, order_id, product_id, quantity, unit_price) VALUES (349, 280, 5, 2, 63);
INSERT INTO Order_Items (item_id, order_id, product_id, quantity, unit_price) VALUES (350, 373, 28, 3, 172);
INSERT INTO Order_Items (item_id, order_id, product_id, quantity, unit_price) VALUES (351, 361, 20, 1, 299);
INSERT INTO Order_Items (item_id, order_id, product_id, quantity, unit_price) VALUES (352, 132, 9, 2, 83);
INSERT INTO Order_Items (item_id, order_id, product_id, quantity, unit_price) VALUES (353, 47, 14, 3, 390);
INSERT INTO Order_Items (item_id, order_id, product_id, quantity, unit_price) VALUES (354, 298, 17, 1, 257);
INSERT INTO Order_Items (item_id, order_id, product_id, quantity, unit_price) VALUES (355, 479, 22, 5, 455);
INSERT INTO Order_Items (item_id, order_id, product_id, quantity, unit_price) VALUES (356, 128, 26, 3, 209);
INSERT INTO Order_Items (item_id, order_id, product_id, quantity, unit_price) VALUES (357, 488, 17, 3, 141);
INSERT INTO Order_Items (item_id, order_id, product_id, quantity, unit_price) VALUES (358, 261, 22, 4, 292);
INSERT INTO Order_Items (item_id, order_id, product_id, quantity, unit_price) VALUES (359, 138, 12, 1, 117);
INSERT INTO Order_Items (item_id, order_id, product_id, quantity, unit_price) VALUES (360, 45, 12, 1, 348);
INSERT INTO Order_Items (item_id, order_id, product_id, quantity, unit_price) VALUES (361, 482, 20, 3, 495);
INSERT INTO Order_Items (item_id, order_id, product_id, quantity, unit_price) VALUES (362, 472, 20, 3, 223);
INSERT INTO Order_Items (item_id, order_id, product_id, quantity, unit_price) VALUES (363, 267, 22, 5, 491);
INSERT INTO Order_Items (item_id, order_id, product_id, quantity, unit_price) VALUES (364, 290, 19, 2, 139);
INSERT INTO Order_Items (item_id, order_id, product_id, quantity, unit_price) VALUES (365, 281, 7, 1, 58);
INSERT INTO Order_Items (item_id, order_id, product_id, quantity, unit_price) VALUES (366, 251, 18, 5, 112);
INSERT INTO Order_Items (item_id, order_id, product_id, quantity, unit_price) VALUES (367, 183, 21, 2, 129);
INSERT INTO Order_Items (item_id, order_id, product_id, quantity, unit_price) VALUES (368, 153, 23, 2, 156);
INSERT INTO Order_Items (item_id, order_id, product_id, quantity, unit_price) VALUES (369, 157, 28, 5, 195);
INSERT INTO Order_Items (item_id, order_id, product_id, quantity, unit_price) VALUES (370, 103, 20, 2, 146);
INSERT INTO Order_Items (item_id, order_id, product_id, quantity, unit_price) VALUES (371, 431, 20, 3, 492);
INSERT INTO Order_Items (item_id, order_id, product_id, quantity, unit_price) VALUES (372, 81, 18, 5, 74);
INSERT INTO Order_Items (item_id, order_id, product_id, quantity, unit_price) VALUES (373, 234, 24, 1, 496);
INSERT INTO Order_Items (item_id, order_id, product_id, quantity, unit_price) VALUES (374, 60, 13, 3, 462);
INSERT INTO Order_Items (item_id, order_id, product_id, quantity, unit_price) VALUES (375, 303, 7, 4, 94);
INSERT INTO Order_Items (item_id, order_id, product_id, quantity, unit_price) VALUES (376, 482, 22, 2, 155);
INSERT INTO Order_Items (item_id, order_id, product_id, quantity, unit_price) VALUES (377, 498, 21, 1, 169);
INSERT INTO Order_Items (item_id, order_id, product_id, quantity, unit_price) VALUES (378, 99, 22, 1, 345);
INSERT INTO Order_Items (item_id, order_id, product_id, quantity, unit_price) VALUES (379, 462, 27, 5, 217);
INSERT INTO Order_Items (item_id, order_id, product_id, quantity, unit_price) VALUES (380, 353, 4, 1, 287);
INSERT INTO Order_Items (item_id, order_id, product_id, quantity, unit_price) VALUES (381, 375, 15, 3, 257);
INSERT INTO Order_Items (item_id, order_id, product_id, quantity, unit_price) VALUES (382, 288, 24, 2, 106);
INSERT INTO Order_Items (item_id, order_id, product_id, quantity, unit_price) VALUES (383, 8, 14, 2, 128);
INSERT INTO Order_Items (item_id, order_id, product_id, quantity, unit_price) VALUES (384, 342, 20, 1, 32);
INSERT INTO Order_Items (item_id, order_id, product_id, quantity, unit_price) VALUES (385, 76, 12, 1, 89);
INSERT INTO Order_Items (item_id, order_id, product_id, quantity, unit_price) VALUES (386, 235, 21, 1, 125);
INSERT INTO Order_Items (item_id, order_id, product_id, quantity, unit_price) VALUES (387, 162, 10, 2, 335);
INSERT INTO Order_Items (item_id, order_id, product_id, quantity, unit_price) VALUES (388, 441, 10, 5, 214);
INSERT INTO Order_Items (item_id, order_id, product_id, quantity, unit_price) VALUES (389, 423, 12, 1, 312);
INSERT INTO Order_Items (item_id, order_id, product_id, quantity, unit_price) VALUES (390, 484, 22, 2, 368);
INSERT INTO Order_Items (item_id, order_id, product_id, quantity, unit_price) VALUES (391, 340, 17, 2, 113);
INSERT INTO Order_Items (item_id, order_id, product_id, quantity, unit_price) VALUES (392, 176, 26, 3, 156);
INSERT INTO Order_Items (item_id, order_id, product_id, quantity, unit_price) VALUES (393, 294, 21, 4, 494);
INSERT INTO Order_Items (item_id, order_id, product_id, quantity, unit_price) VALUES (394, 189, 21, 3, 219);
INSERT INTO Order_Items (item_id, order_id, product_id, quantity, unit_price) VALUES (395, 290, 27, 3, 213);
INSERT INTO Order_Items (item_id, order_id, product_id, quantity, unit_price) VALUES (396, 215, 26, 4, 377);
INSERT INTO Order_Items (item_id, order_id, product_id, quantity, unit_price) VALUES (397, 45, 17, 1, 247);
INSERT INTO Order_Items (item_id, order_id, product_id, quantity, unit_price) VALUES (398, 163, 10, 2, 120);
INSERT INTO Order_Items (item_id, order_id, product_id, quantity, unit_price) VALUES (399, 45, 22, 2, 153);
INSERT INTO Order_Items (item_id, order_id, product_id, quantity, unit_price) VALUES (400, 356, 20, 3, 158);
INSERT INTO Order_Items (item_id, order_id, product_id, quantity, unit_price) VALUES (401, 416, 15, 1, 384);
INSERT INTO Order_Items (item_id, order_id, product_id, quantity, unit_price) VALUES (402, 19, 11, 4, 377);
INSERT INTO Order_Items (item_id, order_id, product_id, quantity, unit_price) VALUES (403, 276, 5, 1, 471);
INSERT INTO Order_Items (item_id, order_id, product_id, quantity, unit_price) VALUES (404, 89, 19, 3, 139);
INSERT INTO Order_Items (item_id, order_id, product_id, quantity, unit_price) VALUES (405, 370, 5, 1, 456);
INSERT INTO Order_Items (item_id, order_id, product_id, quantity, unit_price) VALUES (406, 489, 13, 1, 41);
INSERT INTO Order_Items (item_id, order_id, product_id, quantity, unit_price) VALUES (407, 354, 1, 1, 97);
INSERT INTO Order_Items (item_id, order_id, product_id, quantity, unit_price) VALUES (408, 459, 14, 2, 146);
INSERT INTO Order_Items (item_id, order_id, product_id, quantity, unit_price) VALUES (409, 102, 8, 4, 319);
INSERT INTO Order_Items (item_id, order_id, product_id, quantity, unit_price) VALUES (410, 431, 25, 5, 183);
INSERT INTO Order_Items (item_id, order_id, product_id, quantity, unit_price) VALUES (411, 347, 22, 1, 188);
INSERT INTO Order_Items (item_id, order_id, product_id, quantity, unit_price) VALUES (412, 54, 4, 5, 328);
INSERT INTO Order_Items (item_id, order_id, product_id, quantity, unit_price) VALUES (413, 138, 5, 3, 358);
INSERT INTO Order_Items (item_id, order_id, product_id, quantity, unit_price) VALUES (414, 3, 27, 1, 176);
INSERT INTO Order_Items (item_id, order_id, product_id, quantity, unit_price) VALUES (415, 284, 15, 5, 145);
INSERT INTO Order_Items (item_id, order_id, product_id, quantity, unit_price) VALUES (416, 347, 9, 1, 197);
INSERT INTO Order_Items (item_id, order_id, product_id, quantity, unit_price) VALUES (417, 254, 13, 3, 321);
INSERT INTO Order_Items (item_id, order_id, product_id, quantity, unit_price) VALUES (418, 212, 20, 4, 167);
INSERT INTO Order_Items (item_id, order_id, product_id, quantity, unit_price) VALUES (419, 212, 12, 4, 283);
INSERT INTO Order_Items (item_id, order_id, product_id, quantity, unit_price) VALUES (420, 461, 29, 5, 13);
INSERT INTO Order_Items (item_id, order_id, product_id, quantity, unit_price) VALUES (421, 500, 19, 5, 253);
INSERT INTO Order_Items (item_id, order_id, product_id, quantity, unit_price) VALUES (422, 411, 22, 1, 86);
INSERT INTO Order_Items (item_id, order_id, product_id, quantity, unit_price) VALUES (423, 7, 30, 1, 43);
INSERT INTO Order_Items (item_id, order_id, product_id, quantity, unit_price) VALUES (424, 327, 21, 3, 133);
INSERT INTO Order_Items (item_id, order_id, product_id, quantity, unit_price) VALUES (425, 140, 15, 5, 441);
INSERT INTO Order_Items (item_id, order_id, product_id, quantity, unit_price) VALUES (426, 371, 8, 5, 356);
INSERT INTO Order_Items (item_id, order_id, product_id, quantity, unit_price) VALUES (427, 486, 21, 1, 295);
INSERT INTO Order_Items (item_id, order_id, product_id, quantity, unit_price) VALUES (428, 401, 9, 4, 131);
INSERT INTO Order_Items (item_id, order_id, product_id, quantity, unit_price) VALUES (429, 133, 17, 2, 249);
INSERT INTO Order_Items (item_id, order_id, product_id, quantity, unit_price) VALUES (430, 34, 16, 3, 82);
INSERT INTO Order_Items (item_id, order_id, product_id, quantity, unit_price) VALUES (431, 438, 13, 1, 54);
INSERT INTO Order_Items (item_id, order_id, product_id, quantity, unit_price) VALUES (432, 338, 17, 5, 167);
INSERT INTO Order_Items (item_id, order_id, product_id, quantity, unit_price) VALUES (433, 199, 19, 5, 221);
INSERT INTO Order_Items (item_id, order_id, product_id, quantity, unit_price) VALUES (434, 299, 12, 5, 441);
INSERT INTO Order_Items (item_id, order_id, product_id, quantity, unit_price) VALUES (435, 181, 20, 4, 136);
INSERT INTO Order_Items (item_id, order_id, product_id, quantity, unit_price) VALUES (436, 263, 23, 3, 331);
INSERT INTO Order_Items (item_id, order_id, product_id, quantity, unit_price) VALUES (437, 196, 3, 1, 231);
INSERT INTO Order_Items (item_id, order_id, product_id, quantity, unit_price) VALUES (438, 158, 9, 3, 327);
INSERT INTO Order_Items (item_id, order_id, product_id, quantity, unit_price) VALUES (439, 171, 1, 4, 249);
INSERT INTO Order_Items (item_id, order_id, product_id, quantity, unit_price) VALUES (440, 409, 23, 4, 250);
INSERT INTO Order_Items (item_id, order_id, product_id, quantity, unit_price) VALUES (441, 455, 3, 5, 337);
INSERT INTO Order_Items (item_id, order_id, product_id, quantity, unit_price) VALUES (442, 338, 2, 4, 384);
INSERT INTO Order_Items (item_id, order_id, product_id, quantity, unit_price) VALUES (443, 463, 1, 3, 366);
INSERT INTO Order_Items (item_id, order_id, product_id, quantity, unit_price) VALUES (444, 166, 5, 4, 410);
INSERT INTO Order_Items (item_id, order_id, product_id, quantity, unit_price) VALUES (445, 228, 11, 4, 435);
INSERT INTO Order_Items (item_id, order_id, product_id, quantity, unit_price) VALUES (446, 116, 11, 5, 54);
INSERT INTO Order_Items (item_id, order_id, product_id, quantity, unit_price) VALUES (447, 454, 13, 3, 138);
INSERT INTO Order_Items (item_id, order_id, product_id, quantity, unit_price) VALUES (448, 441, 29, 1, 256);
INSERT INTO Order_Items (item_id, order_id, product_id, quantity, unit_price) VALUES (449, 379, 5, 1, 51);
INSERT INTO Order_Items (item_id, order_id, product_id, quantity, unit_price) VALUES (450, 140, 21, 2, 350);
INSERT INTO Order_Items (item_id, order_id, product_id, quantity, unit_price) VALUES (451, 89, 25, 3, 261);
INSERT INTO Order_Items (item_id, order_id, product_id, quantity, unit_price) VALUES (452, 124, 25, 5, 341);
INSERT INTO Order_Items (item_id, order_id, product_id, quantity, unit_price) VALUES (453, 290, 19, 3, 413);
INSERT INTO Order_Items (item_id, order_id, product_id, quantity, unit_price) VALUES (454, 494, 28, 3, 161);
INSERT INTO Order_Items (item_id, order_id, product_id, quantity, unit_price) VALUES (455, 468, 9, 5, 95);
INSERT INTO Order_Items (item_id, order_id, product_id, quantity, unit_price) VALUES (456, 298, 12, 2, 166);
INSERT INTO Order_Items (item_id, order_id, product_id, quantity, unit_price) VALUES (457, 320, 23, 2, 468);
INSERT INTO Order_Items (item_id, order_id, product_id, quantity, unit_price) VALUES (458, 281, 2, 2, 364);
INSERT INTO Order_Items (item_id, order_id, product_id, quantity, unit_price) VALUES (459, 33, 9, 4, 58);
INSERT INTO Order_Items (item_id, order_id, product_id, quantity, unit_price) VALUES (460, 293, 29, 5, 33);
INSERT INTO Order_Items (item_id, order_id, product_id, quantity, unit_price) VALUES (461, 338, 17, 1, 290);
INSERT INTO Order_Items (item_id, order_id, product_id, quantity, unit_price) VALUES (462, 419, 19, 4, 139);
INSERT INTO Order_Items (item_id, order_id, product_id, quantity, unit_price) VALUES (463, 279, 23, 1, 287);
INSERT INTO Order_Items (item_id, order_id, product_id, quantity, unit_price) VALUES (464, 410, 18, 1, 394);
INSERT INTO Order_Items (item_id, order_id, product_id, quantity, unit_price) VALUES (465, 280, 10, 3, 56);
INSERT INTO Order_Items (item_id, order_id, product_id, quantity, unit_price) VALUES (466, 494, 24, 5, 466);
INSERT INTO Order_Items (item_id, order_id, product_id, quantity, unit_price) VALUES (467, 29, 15, 1, 157);
INSERT INTO Order_Items (item_id, order_id, product_id, quantity, unit_price) VALUES (468, 67, 10, 2, 149);
INSERT INTO Order_Items (item_id, order_id, product_id, quantity, unit_price) VALUES (469, 54, 9, 3, 482);
INSERT INTO Order_Items (item_id, order_id, product_id, quantity, unit_price) VALUES (470, 415, 9, 2, 114);
INSERT INTO Order_Items (item_id, order_id, product_id, quantity, unit_price) VALUES (471, 352, 23, 1, 24);
INSERT INTO Order_Items (item_id, order_id, product_id, quantity, unit_price) VALUES (472, 219, 20, 1, 119);
INSERT INTO Order_Items (item_id, order_id, product_id, quantity, unit_price) VALUES (473, 85, 7, 5, 337);
INSERT INTO Order_Items (item_id, order_id, product_id, quantity, unit_price) VALUES (474, 451, 28, 1, 241);
INSERT INTO Order_Items (item_id, order_id, product_id, quantity, unit_price) VALUES (475, 389, 27, 2, 56);
INSERT INTO Order_Items (item_id, order_id, product_id, quantity, unit_price) VALUES (476, 236, 6, 4, 42);
INSERT INTO Order_Items (item_id, order_id, product_id, quantity, unit_price) VALUES (477, 218, 15, 4, 465);
INSERT INTO Order_Items (item_id, order_id, product_id, quantity, unit_price) VALUES (478, 107, 6, 2, 164);
INSERT INTO Order_Items (item_id, order_id, product_id, quantity, unit_price) VALUES (479, 142, 2, 3, 286);
INSERT INTO Order_Items (item_id, order_id, product_id, quantity, unit_price) VALUES (480, 355, 7, 4, 480);
INSERT INTO Order_Items (item_id, order_id, product_id, quantity, unit_price) VALUES (481, 76, 5, 3, 445);
INSERT INTO Order_Items (item_id, order_id, product_id, quantity, unit_price) VALUES (482, 58, 26, 1, 312);
INSERT INTO Order_Items (item_id, order_id, product_id, quantity, unit_price) VALUES (483, 273, 6, 3, 54);
INSERT INTO Order_Items (item_id, order_id, product_id, quantity, unit_price) VALUES (484, 250, 3, 1, 409);
INSERT INTO Order_Items (item_id, order_id, product_id, quantity, unit_price) VALUES (485, 401, 20, 5, 44);
INSERT INTO Order_Items (item_id, order_id, product_id, quantity, unit_price) VALUES (486, 355, 7, 3, 99);
INSERT INTO Order_Items (item_id, order_id, product_id, quantity, unit_price) VALUES (487, 369, 7, 2, 24);
INSERT INTO Order_Items (item_id, order_id, product_id, quantity, unit_price) VALUES (488, 119, 14, 1, 451);
INSERT INTO Order_Items (item_id, order_id, product_id, quantity, unit_price) VALUES (489, 443, 10, 4, 447);
INSERT INTO Order_Items (item_id, order_id, product_id, quantity, unit_price) VALUES (490, 172, 22, 3, 356);
INSERT INTO Order_Items (item_id, order_id, product_id, quantity, unit_price) VALUES (491, 25, 2, 1, 352);
INSERT INTO Order_Items (item_id, order_id, product_id, quantity, unit_price) VALUES (492, 400, 21, 2, 134);
INSERT INTO Order_Items (item_id, order_id, product_id, quantity, unit_price) VALUES (493, 86, 8, 5, 405);
INSERT INTO Order_Items (item_id, order_id, product_id, quantity, unit_price) VALUES (494, 415, 1, 1, 106);
INSERT INTO Order_Items (item_id, order_id, product_id, quantity, unit_price) VALUES (495, 51, 7, 5, 393);
INSERT INTO Order_Items (item_id, order_id, product_id, quantity, unit_price) VALUES (496, 63, 7, 4, 485);
INSERT INTO Order_Items (item_id, order_id, product_id, quantity, unit_price) VALUES (497, 119, 10, 1, 405);
INSERT INTO Order_Items (item_id, order_id, product_id, quantity, unit_price) VALUES (498, 461, 4, 2, 191);
INSERT INTO Order_Items (item_id, order_id, product_id, quantity, unit_price) VALUES (499, 110, 21, 1, 183);
INSERT INTO Order_Items (item_id, order_id, product_id, quantity, unit_price) VALUES (500, 467, 25, 3, 371);
INSERT INTO Order_Items (item_id, order_id, product_id, quantity, unit_price) VALUES (501, 447, 2, 5, 233);
INSERT INTO Order_Items (item_id, order_id, product_id, quantity, unit_price) VALUES (502, 141, 23, 3, 420);
INSERT INTO Order_Items (item_id, order_id, product_id, quantity, unit_price) VALUES (503, 389, 21, 3, 331);
INSERT INTO Order_Items (item_id, order_id, product_id, quantity, unit_price) VALUES (504, 118, 29, 2, 309);
INSERT INTO Order_Items (item_id, order_id, product_id, quantity, unit_price) VALUES (505, 354, 18, 5, 295);
INSERT INTO Order_Items (item_id, order_id, product_id, quantity, unit_price) VALUES (506, 457, 2, 2, 406);
INSERT INTO Order_Items (item_id, order_id, product_id, quantity, unit_price) VALUES (507, 230, 27, 3, 33);
INSERT INTO Order_Items (item_id, order_id, product_id, quantity, unit_price) VALUES (508, 199, 9, 3, 34);
INSERT INTO Order_Items (item_id, order_id, product_id, quantity, unit_price) VALUES (509, 269, 16, 2, 151);
INSERT INTO Order_Items (item_id, order_id, product_id, quantity, unit_price) VALUES (510, 347, 22, 2, 209);
INSERT INTO Order_Items (item_id, order_id, product_id, quantity, unit_price) VALUES (511, 221, 26, 2, 98);
INSERT INTO Order_Items (item_id, order_id, product_id, quantity, unit_price) VALUES (512, 125, 6, 4, 14);
INSERT INTO Order_Items (item_id, order_id, product_id, quantity, unit_price) VALUES (513, 470, 2, 1, 488);
INSERT INTO Order_Items (item_id, order_id, product_id, quantity, unit_price) VALUES (514, 301, 16, 3, 443);
INSERT INTO Order_Items (item_id, order_id, product_id, quantity, unit_price) VALUES (515, 353, 1, 4, 389);
INSERT INTO Order_Items (item_id, order_id, product_id, quantity, unit_price) VALUES (516, 443, 8, 5, 72);
INSERT INTO Order_Items (item_id, order_id, product_id, quantity, unit_price) VALUES (517, 67, 3, 5, 218);
INSERT INTO Order_Items (item_id, order_id, product_id, quantity, unit_price) VALUES (518, 4, 13, 4, 92);
INSERT INTO Order_Items (item_id, order_id, product_id, quantity, unit_price) VALUES (519, 131, 18, 4, 307);
INSERT INTO Order_Items (item_id, order_id, product_id, quantity, unit_price) VALUES (520, 465, 11, 2, 341);
INSERT INTO Order_Items (item_id, order_id, product_id, quantity, unit_price) VALUES (521, 394, 12, 4, 488);
INSERT INTO Order_Items (item_id, order_id, product_id, quantity, unit_price) VALUES (522, 79, 27, 4, 49);
INSERT INTO Order_Items (item_id, order_id, product_id, quantity, unit_price) VALUES (523, 425, 24, 3, 39);
INSERT INTO Order_Items (item_id, order_id, product_id, quantity, unit_price) VALUES (524, 144, 22, 5, 429);
INSERT INTO Order_Items (item_id, order_id, product_id, quantity, unit_price) VALUES (525, 412, 13, 4, 83);
INSERT INTO Order_Items (item_id, order_id, product_id, quantity, unit_price) VALUES (526, 344, 25, 2, 482);
INSERT INTO Order_Items (item_id, order_id, product_id, quantity, unit_price) VALUES (527, 322, 16, 5, 48);
INSERT INTO Order_Items (item_id, order_id, product_id, quantity, unit_price) VALUES (528, 384, 1, 3, 266);
INSERT INTO Order_Items (item_id, order_id, product_id, quantity, unit_price) VALUES (529, 353, 11, 2, 25);
INSERT INTO Order_Items (item_id, order_id, product_id, quantity, unit_price) VALUES (530, 421, 20, 4, 452);
INSERT INTO Order_Items (item_id, order_id, product_id, quantity, unit_price) VALUES (531, 100, 14, 1, 348);
INSERT INTO Order_Items (item_id, order_id, product_id, quantity, unit_price) VALUES (532, 364, 6, 4, 215);
INSERT INTO Order_Items (item_id, order_id, product_id, quantity, unit_price) VALUES (533, 231, 12, 3, 106);
INSERT INTO Order_Items (item_id, order_id, product_id, quantity, unit_price) VALUES (534, 362, 13, 1, 152);
INSERT INTO Order_Items (item_id, order_id, product_id, quantity, unit_price) VALUES (535, 327, 25, 5, 21);
INSERT INTO Order_Items (item_id, order_id, product_id, quantity, unit_price) VALUES (536, 35, 22, 5, 258);
INSERT INTO Order_Items (item_id, order_id, product_id, quantity, unit_price) VALUES (537, 394, 18, 2, 417);
INSERT INTO Order_Items (item_id, order_id, product_id, quantity, unit_price) VALUES (538, 424, 27, 5, 314);
INSERT INTO Order_Items (item_id, order_id, product_id, quantity, unit_price) VALUES (539, 127, 5, 5, 99);
INSERT INTO Order_Items (item_id, order_id, product_id, quantity, unit_price) VALUES (540, 486, 25, 3, 211);
INSERT INTO Order_Items (item_id, order_id, product_id, quantity, unit_price) VALUES (541, 238, 9, 1, 246);
INSERT INTO Order_Items (item_id, order_id, product_id, quantity, unit_price) VALUES (542, 25, 4, 5, 273);
INSERT INTO Order_Items (item_id, order_id, product_id, quantity, unit_price) VALUES (543, 115, 16, 5, 194);
INSERT INTO Order_Items (item_id, order_id, product_id, quantity, unit_price) VALUES (544, 493, 22, 2, 164);
INSERT INTO Order_Items (item_id, order_id, product_id, quantity, unit_price) VALUES (545, 17, 7, 4, 52);
INSERT INTO Order_Items (item_id, order_id, product_id, quantity, unit_price) VALUES (546, 188, 17, 5, 402);
INSERT INTO Order_Items (item_id, order_id, product_id, quantity, unit_price) VALUES (547, 281, 6, 3, 390);
INSERT INTO Order_Items (item_id, order_id, product_id, quantity, unit_price) VALUES (548, 242, 18, 5, 169);
INSERT INTO Order_Items (item_id, order_id, product_id, quantity, unit_price) VALUES (549, 86, 7, 5, 381);
INSERT INTO Order_Items (item_id, order_id, product_id, quantity, unit_price) VALUES (550, 90, 27, 4, 361);
INSERT INTO Order_Items (item_id, order_id, product_id, quantity, unit_price) VALUES (551, 230, 28, 5, 206);
INSERT INTO Order_Items (item_id, order_id, product_id, quantity, unit_price) VALUES (552, 419, 19, 5, 313);
INSERT INTO Order_Items (item_id, order_id, product_id, quantity, unit_price) VALUES (553, 121, 24, 4, 230);
INSERT INTO Order_Items (item_id, order_id, product_id, quantity, unit_price) VALUES (554, 242, 23, 2, 25);
INSERT INTO Order_Items (item_id, order_id, product_id, quantity, unit_price) VALUES (555, 475, 23, 5, 269);
INSERT INTO Order_Items (item_id, order_id, product_id, quantity, unit_price) VALUES (556, 201, 7, 5, 172);
INSERT INTO Order_Items (item_id, order_id, product_id, quantity, unit_price) VALUES (557, 412, 12, 5, 274);
INSERT INTO Order_Items (item_id, order_id, product_id, quantity, unit_price) VALUES (558, 109, 22, 4, 281);
INSERT INTO Order_Items (item_id, order_id, product_id, quantity, unit_price) VALUES (559, 113, 18, 1, 490);
INSERT INTO Order_Items (item_id, order_id, product_id, quantity, unit_price) VALUES (560, 158, 20, 1, 227);
INSERT INTO Order_Items (item_id, order_id, product_id, quantity, unit_price) VALUES (561, 282, 18, 1, 376);
INSERT INTO Order_Items (item_id, order_id, product_id, quantity, unit_price) VALUES (562, 249, 11, 1, 306);
INSERT INTO Order_Items (item_id, order_id, product_id, quantity, unit_price) VALUES (563, 325, 13, 4, 270);
INSERT INTO Order_Items (item_id, order_id, product_id, quantity, unit_price) VALUES (564, 495, 11, 2, 337);
INSERT INTO Order_Items (item_id, order_id, product_id, quantity, unit_price) VALUES (565, 257, 14, 1, 498);
INSERT INTO Order_Items (item_id, order_id, product_id, quantity, unit_price) VALUES (566, 249, 2, 5, 71);
INSERT INTO Order_Items (item_id, order_id, product_id, quantity, unit_price) VALUES (567, 21, 25, 5, 289);
INSERT INTO Order_Items (item_id, order_id, product_id, quantity, unit_price) VALUES (568, 419, 30, 3, 33);
INSERT INTO Order_Items (item_id, order_id, product_id, quantity, unit_price) VALUES (569, 472, 23, 1, 131);
INSERT INTO Order_Items (item_id, order_id, product_id, quantity, unit_price) VALUES (570, 23, 1, 4, 369);
INSERT INTO Order_Items (item_id, order_id, product_id, quantity, unit_price) VALUES (571, 239, 13, 5, 240);
INSERT INTO Order_Items (item_id, order_id, product_id, quantity, unit_price) VALUES (572, 75, 1, 4, 450);
INSERT INTO Order_Items (item_id, order_id, product_id, quantity, unit_price) VALUES (573, 337, 25, 3, 214);
INSERT INTO Order_Items (item_id, order_id, product_id, quantity, unit_price) VALUES (574, 463, 22, 2, 171);
INSERT INTO Order_Items (item_id, order_id, product_id, quantity, unit_price) VALUES (575, 489, 24, 3, 356);
INSERT INTO Order_Items (item_id, order_id, product_id, quantity, unit_price) VALUES (576, 346, 15, 2, 106);
INSERT INTO Order_Items (item_id, order_id, product_id, quantity, unit_price) VALUES (577, 195, 19, 5, 456);
INSERT INTO Order_Items (item_id, order_id, product_id, quantity, unit_price) VALUES (578, 112, 21, 1, 40);
INSERT INTO Order_Items (item_id, order_id, product_id, quantity, unit_price) VALUES (579, 439, 10, 3, 19);
INSERT INTO Order_Items (item_id, order_id, product_id, quantity, unit_price) VALUES (580, 282, 1, 2, 225);
INSERT INTO Order_Items (item_id, order_id, product_id, quantity, unit_price) VALUES (581, 302, 27, 5, 401);
INSERT INTO Order_Items (item_id, order_id, product_id, quantity, unit_price) VALUES (582, 455, 7, 1, 297);
INSERT INTO Order_Items (item_id, order_id, product_id, quantity, unit_price) VALUES (583, 496, 30, 2, 69);
INSERT INTO Order_Items (item_id, order_id, product_id, quantity, unit_price) VALUES (584, 201, 22, 3, 99);
INSERT INTO Order_Items (item_id, order_id, product_id, quantity, unit_price) VALUES (585, 28, 7, 1, 126);
INSERT INTO Order_Items (item_id, order_id, product_id, quantity, unit_price) VALUES (586, 42, 19, 3, 50);
INSERT INTO Order_Items (item_id, order_id, product_id, quantity, unit_price) VALUES (587, 401, 8, 5, 412);
INSERT INTO Order_Items (item_id, order_id, product_id, quantity, unit_price) VALUES (588, 500, 18, 4, 497);
INSERT INTO Order_Items (item_id, order_id, product_id, quantity, unit_price) VALUES (589, 459, 2, 5, 303);
INSERT INTO Order_Items (item_id, order_id, product_id, quantity, unit_price) VALUES (590, 131, 3, 5, 218);
INSERT INTO Order_Items (item_id, order_id, product_id, quantity, unit_price) VALUES (591, 280, 10, 3, 282);
INSERT INTO Order_Items (item_id, order_id, product_id, quantity, unit_price) VALUES (592, 398, 18, 3, 51);
INSERT INTO Order_Items (item_id, order_id, product_id, quantity, unit_price) VALUES (593, 437, 13, 4, 367);
INSERT INTO Order_Items (item_id, order_id, product_id, quantity, unit_price) VALUES (594, 63, 25, 5, 202);
INSERT INTO Order_Items (item_id, order_id, product_id, quantity, unit_price) VALUES (595, 110, 3, 5, 177);
INSERT INTO Order_Items (item_id, order_id, product_id, quantity, unit_price) VALUES (596, 301, 24, 2, 362);
INSERT INTO Order_Items (item_id, order_id, product_id, quantity, unit_price) VALUES (597, 270, 10, 2, 67);
INSERT INTO Order_Items (item_id, order_id, product_id, quantity, unit_price) VALUES (598, 296, 8, 2, 87);
INSERT INTO Order_Items (item_id, order_id, product_id, quantity, unit_price) VALUES (599, 180, 28, 3, 463);
INSERT INTO Order_Items (item_id, order_id, product_id, quantity, unit_price) VALUES (600, 390, 24, 5, 484);
INSERT INTO Order_Items (item_id, order_id, product_id, quantity, unit_price) VALUES (601, 244, 14, 4, 499);
INSERT INTO Order_Items (item_id, order_id, product_id, quantity, unit_price) VALUES (602, 436, 10, 1, 443);
INSERT INTO Order_Items (item_id, order_id, product_id, quantity, unit_price) VALUES (603, 391, 13, 3, 244);
INSERT INTO Order_Items (item_id, order_id, product_id, quantity, unit_price) VALUES (604, 60, 25, 5, 26);
INSERT INTO Order_Items (item_id, order_id, product_id, quantity, unit_price) VALUES (605, 332, 10, 1, 429);
INSERT INTO Order_Items (item_id, order_id, product_id, quantity, unit_price) VALUES (606, 295, 9, 1, 240);
INSERT INTO Order_Items (item_id, order_id, product_id, quantity, unit_price) VALUES (607, 357, 4, 5, 479);
INSERT INTO Order_Items (item_id, order_id, product_id, quantity, unit_price) VALUES (608, 416, 7, 3, 451);
INSERT INTO Order_Items (item_id, order_id, product_id, quantity, unit_price) VALUES (609, 377, 16, 2, 93);
INSERT INTO Order_Items (item_id, order_id, product_id, quantity, unit_price) VALUES (610, 442, 17, 3, 182);
INSERT INTO Order_Items (item_id, order_id, product_id, quantity, unit_price) VALUES (611, 74, 21, 5, 160);
INSERT INTO Order_Items (item_id, order_id, product_id, quantity, unit_price) VALUES (612, 76, 20, 5, 25);
INSERT INTO Order_Items (item_id, order_id, product_id, quantity, unit_price) VALUES (613, 326, 26, 5, 279);
INSERT INTO Order_Items (item_id, order_id, product_id, quantity, unit_price) VALUES (614, 57, 6, 2, 22);
INSERT INTO Order_Items (item_id, order_id, product_id, quantity, unit_price) VALUES (615, 58, 9, 1, 268);
INSERT INTO Order_Items (item_id, order_id, product_id, quantity, unit_price) VALUES (616, 105, 7, 2, 469);
INSERT INTO Order_Items (item_id, order_id, product_id, quantity, unit_price) VALUES (617, 231, 4, 1, 224);
INSERT INTO Order_Items (item_id, order_id, product_id, quantity, unit_price) VALUES (618, 375, 13, 3, 312);
INSERT INTO Order_Items (item_id, order_id, product_id, quantity, unit_price) VALUES (619, 5, 15, 1, 102);
INSERT INTO Order_Items (item_id, order_id, product_id, quantity, unit_price) VALUES (620, 75, 5, 4, 423);
INSERT INTO Order_Items (item_id, order_id, product_id, quantity, unit_price) VALUES (621, 213, 23, 3, 123);
INSERT INTO Order_Items (item_id, order_id, product_id, quantity, unit_price) VALUES (622, 467, 25, 3, 318);
INSERT INTO Order_Items (item_id, order_id, product_id, quantity, unit_price) VALUES (623, 484, 23, 2, 373);
INSERT INTO Order_Items (item_id, order_id, product_id, quantity, unit_price) VALUES (624, 257, 22, 2, 243);
INSERT INTO Order_Items (item_id, order_id, product_id, quantity, unit_price) VALUES (625, 28, 11, 3, 377);
INSERT INTO Order_Items (item_id, order_id, product_id, quantity, unit_price) VALUES (626, 279, 11, 1, 496);
INSERT INTO Order_Items (item_id, order_id, product_id, quantity, unit_price) VALUES (627, 403, 9, 2, 431);
INSERT INTO Order_Items (item_id, order_id, product_id, quantity, unit_price) VALUES (628, 412, 3, 2, 337);
INSERT INTO Order_Items (item_id, order_id, product_id, quantity, unit_price) VALUES (629, 64, 22, 2, 84);
INSERT INTO Order_Items (item_id, order_id, product_id, quantity, unit_price) VALUES (630, 29, 18, 5, 353);
INSERT INTO Order_Items (item_id, order_id, product_id, quantity, unit_price) VALUES (631, 114, 1, 3, 392);
INSERT INTO Order_Items (item_id, order_id, product_id, quantity, unit_price) VALUES (632, 49, 1, 5, 95);
INSERT INTO Order_Items (item_id, order_id, product_id, quantity, unit_price) VALUES (633, 357, 26, 5, 469);
INSERT INTO Order_Items (item_id, order_id, product_id, quantity, unit_price) VALUES (634, 378, 9, 3, 276);
INSERT INTO Order_Items (item_id, order_id, product_id, quantity, unit_price) VALUES (635, 428, 10, 2, 16);
INSERT INTO Order_Items (item_id, order_id, product_id, quantity, unit_price) VALUES (636, 336, 5, 3, 383);
INSERT INTO Order_Items (item_id, order_id, product_id, quantity, unit_price) VALUES (637, 85, 5, 5, 437);
INSERT INTO Order_Items (item_id, order_id, product_id, quantity, unit_price) VALUES (638, 460, 17, 4, 249);
INSERT INTO Order_Items (item_id, order_id, product_id, quantity, unit_price) VALUES (639, 483, 11, 5, 252);
INSERT INTO Order_Items (item_id, order_id, product_id, quantity, unit_price) VALUES (640, 184, 13, 2, 93);
INSERT INTO Order_Items (item_id, order_id, product_id, quantity, unit_price) VALUES (641, 22, 30, 1, 447);
INSERT INTO Order_Items (item_id, order_id, product_id, quantity, unit_price) VALUES (642, 151, 1, 3, 468);
INSERT INTO Order_Items (item_id, order_id, product_id, quantity, unit_price) VALUES (643, 263, 25, 4, 44);
INSERT INTO Order_Items (item_id, order_id, product_id, quantity, unit_price) VALUES (644, 297, 17, 3, 203);
INSERT INTO Order_Items (item_id, order_id, product_id, quantity, unit_price) VALUES (645, 41, 22, 4, 428);
INSERT INTO Order_Items (item_id, order_id, product_id, quantity, unit_price) VALUES (646, 173, 9, 3, 392);
INSERT INTO Order_Items (item_id, order_id, product_id, quantity, unit_price) VALUES (647, 55, 16, 4, 31);
INSERT INTO Order_Items (item_id, order_id, product_id, quantity, unit_price) VALUES (648, 125, 22, 3, 471);
INSERT INTO Order_Items (item_id, order_id, product_id, quantity, unit_price) VALUES (649, 211, 13, 5, 53);
INSERT INTO Order_Items (item_id, order_id, product_id, quantity, unit_price) VALUES (650, 377, 30, 2, 204);
INSERT INTO Order_Items (item_id, order_id, product_id, quantity, unit_price) VALUES (651, 67, 24, 1, 62);
INSERT INTO Order_Items (item_id, order_id, product_id, quantity, unit_price) VALUES (652, 262, 5, 1, 203);
INSERT INTO Order_Items (item_id, order_id, product_id, quantity, unit_price) VALUES (653, 216, 6, 4, 117);
INSERT INTO Order_Items (item_id, order_id, product_id, quantity, unit_price) VALUES (654, 180, 9, 1, 281);
INSERT INTO Order_Items (item_id, order_id, product_id, quantity, unit_price) VALUES (655, 463, 28, 2, 116);
INSERT INTO Order_Items (item_id, order_id, product_id, quantity, unit_price) VALUES (656, 217, 5, 1, 293);
INSERT INTO Order_Items (item_id, order_id, product_id, quantity, unit_price) VALUES (657, 267, 29, 5, 174);
INSERT INTO Order_Items (item_id, order_id, product_id, quantity, unit_price) VALUES (658, 409, 25, 3, 368);
INSERT INTO Order_Items (item_id, order_id, product_id, quantity, unit_price) VALUES (659, 49, 20, 5, 86);
INSERT INTO Order_Items (item_id, order_id, product_id, quantity, unit_price) VALUES (660, 263, 24, 5, 34);
INSERT INTO Order_Items (item_id, order_id, product_id, quantity, unit_price) VALUES (661, 138, 16, 1, 417);
INSERT INTO Order_Items (item_id, order_id, product_id, quantity, unit_price) VALUES (662, 190, 13, 4, 148);
INSERT INTO Order_Items (item_id, order_id, product_id, quantity, unit_price) VALUES (663, 302, 12, 4, 53);
INSERT INTO Order_Items (item_id, order_id, product_id, quantity, unit_price) VALUES (664, 457, 2, 5, 160);
INSERT INTO Order_Items (item_id, order_id, product_id, quantity, unit_price) VALUES (665, 80, 19, 2, 324);
INSERT INTO Order_Items (item_id, order_id, product_id, quantity, unit_price) VALUES (666, 33, 8, 2, 490);
INSERT INTO Order_Items (item_id, order_id, product_id, quantity, unit_price) VALUES (667, 72, 27, 1, 346);
INSERT INTO Order_Items (item_id, order_id, product_id, quantity, unit_price) VALUES (668, 270, 25, 5, 225);
INSERT INTO Order_Items (item_id, order_id, product_id, quantity, unit_price) VALUES (669, 485, 9, 5, 373);
INSERT INTO Order_Items (item_id, order_id, product_id, quantity, unit_price) VALUES (670, 494, 28, 5, 196);
INSERT INTO Order_Items (item_id, order_id, product_id, quantity, unit_price) VALUES (671, 15, 22, 1, 357);
INSERT INTO Order_Items (item_id, order_id, product_id, quantity, unit_price) VALUES (672, 374, 13, 3, 445);
INSERT INTO Order_Items (item_id, order_id, product_id, quantity, unit_price) VALUES (673, 256, 10, 1, 167);
INSERT INTO Order_Items (item_id, order_id, product_id, quantity, unit_price) VALUES (674, 460, 13, 2, 380);
INSERT INTO Order_Items (item_id, order_id, product_id, quantity, unit_price) VALUES (675, 196, 14, 5, 157);
INSERT INTO Order_Items (item_id, order_id, product_id, quantity, unit_price) VALUES (676, 293, 23, 5, 46);
INSERT INTO Order_Items (item_id, order_id, product_id, quantity, unit_price) VALUES (677, 235, 4, 3, 476);
INSERT INTO Order_Items (item_id, order_id, product_id, quantity, unit_price) VALUES (678, 377, 4, 1, 64);
INSERT INTO Order_Items (item_id, order_id, product_id, quantity, unit_price) VALUES (679, 93, 9, 5, 386);
INSERT INTO Order_Items (item_id, order_id, product_id, quantity, unit_price) VALUES (680, 412, 7, 5, 241);
INSERT INTO Order_Items (item_id, order_id, product_id, quantity, unit_price) VALUES (681, 100, 22, 3, 110);
INSERT INTO Order_Items (item_id, order_id, product_id, quantity, unit_price) VALUES (682, 116, 9, 3, 368);
INSERT INTO Order_Items (item_id, order_id, product_id, quantity, unit_price) VALUES (683, 5, 3, 4, 397);
INSERT INTO Order_Items (item_id, order_id, product_id, quantity, unit_price) VALUES (684, 214, 25, 3, 348);
INSERT INTO Order_Items (item_id, order_id, product_id, quantity, unit_price) VALUES (685, 195, 5, 5, 348);
INSERT INTO Order_Items (item_id, order_id, product_id, quantity, unit_price) VALUES (686, 499, 11, 4, 371);
INSERT INTO Order_Items (item_id, order_id, product_id, quantity, unit_price) VALUES (687, 487, 27, 1, 18);
INSERT INTO Order_Items (item_id, order_id, product_id, quantity, unit_price) VALUES (688, 50, 22, 2, 204);
INSERT INTO Order_Items (item_id, order_id, product_id, quantity, unit_price) VALUES (689, 461, 21, 5, 277);
INSERT INTO Order_Items (item_id, order_id, product_id, quantity, unit_price) VALUES (690, 342, 23, 4, 148);
INSERT INTO Order_Items (item_id, order_id, product_id, quantity, unit_price) VALUES (691, 400, 6, 3, 404);
INSERT INTO Order_Items (item_id, order_id, product_id, quantity, unit_price) VALUES (692, 22, 11, 3, 59);
INSERT INTO Order_Items (item_id, order_id, product_id, quantity, unit_price) VALUES (693, 334, 14, 1, 374);
INSERT INTO Order_Items (item_id, order_id, product_id, quantity, unit_price) VALUES (694, 272, 4, 2, 209);
INSERT INTO Order_Items (item_id, order_id, product_id, quantity, unit_price) VALUES (695, 117, 26, 4, 449);
INSERT INTO Order_Items (item_id, order_id, product_id, quantity, unit_price) VALUES (696, 129, 7, 3, 472);
INSERT INTO Order_Items (item_id, order_id, product_id, quantity, unit_price) VALUES (697, 233, 2, 2, 471);
INSERT INTO Order_Items (item_id, order_id, product_id, quantity, unit_price) VALUES (698, 99, 19, 1, 194);
INSERT INTO Order_Items (item_id, order_id, product_id, quantity, unit_price) VALUES (699, 153, 9, 5, 91);
INSERT INTO Order_Items (item_id, order_id, product_id, quantity, unit_price) VALUES (700, 171, 26, 1, 375);
INSERT INTO Payments (payment_id, order_id, payment_date, amount, payment_method) VALUES (1, 1, '2025-05-12', 164, 'PayPal');
INSERT INTO Payments (payment_id, order_id, payment_date, amount, payment_method) VALUES (2, 2, '2024-12-16', 1125, 'PayPal');
INSERT INTO Payments (payment_id, order_id, payment_date, amount, payment_method) VALUES (3, 3, '2024-09-03', 625, 'Credit Card');
INSERT INTO Payments (payment_id, order_id, payment_date, amount, payment_method) VALUES (4, 4, '2024-08-14', 496, 'Bank Transfer');
INSERT INTO Payments (payment_id, order_id, payment_date, amount, payment_method) VALUES (5, 5, '2025-04-04', 1863, 'PayPal');
INSERT INTO Payments (payment_id, order_id, payment_date, amount, payment_method) VALUES (6, 6, '2025-01-28', 1254, 'PayPal');
INSERT INTO Payments (payment_id, order_id, payment_date, amount, payment_method) VALUES (7, 7, '2025-05-13', 194, 'Debit Card');
INSERT INTO Payments (payment_id, order_id, payment_date, amount, payment_method) VALUES (8, 8, '2025-06-13', 1193, 'Bank Transfer');
INSERT INTO Payments (payment_id, order_id, payment_date, amount, payment_method) VALUES (9, 9, '2024-09-25', 1577, 'Credit Card');
INSERT INTO Payments (payment_id, order_id, payment_date, amount, payment_method) VALUES (10, 10, '2025-04-05', 1173, 'Credit Card');
INSERT INTO Payments (payment_id, order_id, payment_date, amount, payment_method) VALUES (11, 11, '2024-08-31', 1541, 'Credit Card');
INSERT INTO Payments (payment_id, order_id, payment_date, amount, payment_method) VALUES (12, 12, '2024-08-02', 1478, 'Debit Card');
INSERT INTO Payments (payment_id, order_id, payment_date, amount, payment_method) VALUES (13, 13, '2025-03-14', 1173, 'Credit Card');
INSERT INTO Payments (payment_id, order_id, payment_date, amount, payment_method) VALUES (14, 14, '2025-05-21', 784, 'PayPal');
INSERT INTO Payments (payment_id, order_id, payment_date, amount, payment_method) VALUES (15, 15, '2025-07-02', 1875, 'Debit Card');
INSERT INTO Payments (payment_id, order_id, payment_date, amount, payment_method) VALUES (16, 16, '2024-12-19', 1076, 'Credit Card');
INSERT INTO Payments (payment_id, order_id, payment_date, amount, payment_method) VALUES (17, 17, '2025-02-20', 605, 'Debit Card');
INSERT INTO Payments (payment_id, order_id, payment_date, amount, payment_method) VALUES (18, 18, '2024-09-18', 570, 'Bank Transfer');
INSERT INTO Payments (payment_id, order_id, payment_date, amount, payment_method) VALUES (19, 19, '2025-07-17', 705, 'PayPal');
INSERT INTO Payments (payment_id, order_id, payment_date, amount, payment_method) VALUES (20, 20, '2024-08-03', 1318, 'Credit Card');
INSERT INTO Payments (payment_id, order_id, payment_date, amount, payment_method) VALUES (21, 21, '2025-02-25', 1315, 'PayPal');
INSERT INTO Payments (payment_id, order_id, payment_date, amount, payment_method) VALUES (22, 22, '2025-02-21', 1042, 'Bank Transfer');
INSERT INTO Payments (payment_id, order_id, payment_date, amount, payment_method) VALUES (23, 23, '2025-03-13', 794, 'Bank Transfer');
INSERT INTO Payments (payment_id, order_id, payment_date, amount, payment_method) VALUES (24, 24, '2024-11-23', 398, 'Credit Card');
INSERT INTO Payments (payment_id, order_id, payment_date, amount, payment_method) VALUES (25, 25, '2024-08-05', 1636, 'PayPal');
INSERT INTO Payments (payment_id, order_id, payment_date, amount, payment_method) VALUES (26, 26, '2024-08-25', 95, 'Bank Transfer');
INSERT INTO Payments (payment_id, order_id, payment_date, amount, payment_method) VALUES (27, 27, '2024-09-08', 651, 'PayPal');
INSERT INTO Payments (payment_id, order_id, payment_date, amount, payment_method) VALUES (28, 28, '2024-11-28', 734, 'Credit Card');
INSERT INTO Payments (payment_id, order_id, payment_date, amount, payment_method) VALUES (29, 29, '2024-09-29', 1925, 'Credit Card');
INSERT INTO Payments (payment_id, order_id, payment_date, amount, payment_method) VALUES (30, 30, '2025-01-19', 433, 'Bank Transfer');
INSERT INTO Payments (payment_id, order_id, payment_date, amount, payment_method) VALUES (31, 31, '2024-10-15', 559, 'PayPal');
INSERT INTO Payments (payment_id, order_id, payment_date, amount, payment_method) VALUES (32, 32, '2025-02-13', 551, 'PayPal');
INSERT INTO Payments (payment_id, order_id, payment_date, amount, payment_method) VALUES (33, 33, '2025-04-01', 1579, 'Credit Card');
INSERT INTO Payments (payment_id, order_id, payment_date, amount, payment_method) VALUES (34, 34, '2024-11-19', 277, 'PayPal');
INSERT INTO Payments (payment_id, order_id, payment_date, amount, payment_method) VALUES (35, 35, '2024-12-09', 1080, 'Credit Card');
INSERT INTO Payments (payment_id, order_id, payment_date, amount, payment_method) VALUES (36, 36, '2025-02-18', 1667, 'Credit Card');
INSERT INTO Payments (payment_id, order_id, payment_date, amount, payment_method) VALUES (37, 37, '2025-06-26', 1285, 'Bank Transfer');
INSERT INTO Payments (payment_id, order_id, payment_date, amount, payment_method) VALUES (38, 38, '2025-07-08', 1377, 'Credit Card');
INSERT INTO Payments (payment_id, order_id, payment_date, amount, payment_method) VALUES (39, 39, '2025-06-17', 1953, 'PayPal');
INSERT INTO Payments (payment_id, order_id, payment_date, amount, payment_method) VALUES (40, 40, '2025-06-12', 1108, 'Bank Transfer');
INSERT INTO Payments (payment_id, order_id, payment_date, amount, payment_method) VALUES (41, 41, '2025-04-01', 1438, 'Debit Card');
INSERT INTO Payments (payment_id, order_id, payment_date, amount, payment_method) VALUES (42, 42, '2025-06-29', 1506, 'Credit Card');
INSERT INTO Payments (payment_id, order_id, payment_date, amount, payment_method) VALUES (43, 43, '2024-10-21', 97, 'Credit Card');
INSERT INTO Payments (payment_id, order_id, payment_date, amount, payment_method) VALUES (44, 44, '2025-07-10', 295, 'Debit Card');
INSERT INTO Payments (payment_id, order_id, payment_date, amount, payment_method) VALUES (45, 45, '2024-10-30', 53, 'PayPal');
INSERT INTO Payments (payment_id, order_id, payment_date, amount, payment_method) VALUES (46, 46, '2025-06-22', 242, 'Bank Transfer');
INSERT INTO Payments (payment_id, order_id, payment_date, amount, payment_method) VALUES (47, 47, '2025-01-27', 105, 'Debit Card');
INSERT INTO Payments (payment_id, order_id, payment_date, amount, payment_method) VALUES (48, 48, '2024-09-02', 832, 'Debit Card');
INSERT INTO Payments (payment_id, order_id, payment_date, amount, payment_method) VALUES (49, 49, '2024-11-12', 1035, 'Credit Card');
INSERT INTO Payments (payment_id, order_id, payment_date, amount, payment_method) VALUES (50, 50, '2024-07-31', 874, 'PayPal');
INSERT INTO Payments (payment_id, order_id, payment_date, amount, payment_method) VALUES (51, 51, '2025-04-22', 193, 'Credit Card');
INSERT INTO Payments (payment_id, order_id, payment_date, amount, payment_method) VALUES (52, 52, '2025-07-17', 1857, 'Credit Card');
INSERT INTO Payments (payment_id, order_id, payment_date, amount, payment_method) VALUES (53, 53, '2025-06-26', 1491, 'PayPal');
INSERT INTO Payments (payment_id, order_id, payment_date, amount, payment_method) VALUES (54, 54, '2025-06-04', 408, 'PayPal');
INSERT INTO Payments (payment_id, order_id, payment_date, amount, payment_method) VALUES (55, 55, '2025-05-14', 1477, 'PayPal');
INSERT INTO Payments (payment_id, order_id, payment_date, amount, payment_method) VALUES (56, 56, '2024-11-07', 141, 'Bank Transfer');
INSERT INTO Payments (payment_id, order_id, payment_date, amount, payment_method) VALUES (57, 57, '2025-07-13', 1348, 'Debit Card');
INSERT INTO Payments (payment_id, order_id, payment_date, amount, payment_method) VALUES (58, 58, '2025-06-29', 241, 'Credit Card');
INSERT INTO Payments (payment_id, order_id, payment_date, amount, payment_method) VALUES (59, 59, '2025-04-05', 1256, 'Debit Card');
INSERT INTO Payments (payment_id, order_id, payment_date, amount, payment_method) VALUES (60, 60, '2024-11-14', 863, 'Credit Card');
INSERT INTO Payments (payment_id, order_id, payment_date, amount, payment_method) VALUES (61, 61, '2024-09-04', 1134, 'Bank Transfer');
INSERT INTO Payments (payment_id, order_id, payment_date, amount, payment_method) VALUES (62, 62, '2024-12-01', 1778, 'Debit Card');
INSERT INTO Payments (payment_id, order_id, payment_date, amount, payment_method) VALUES (63, 63, '2024-09-28', 1900, 'Debit Card');
INSERT INTO Payments (payment_id, order_id, payment_date, amount, payment_method) VALUES (64, 64, '2025-03-23', 493, 'Bank Transfer');
INSERT INTO Payments (payment_id, order_id, payment_date, amount, payment_method) VALUES (65, 65, '2024-10-02', 1226, 'Credit Card');
INSERT INTO Payments (payment_id, order_id, payment_date, amount, payment_method) VALUES (66, 66, '2024-08-15', 1843, 'Debit Card');
INSERT INTO Payments (payment_id, order_id, payment_date, amount, payment_method) VALUES (67, 67, '2025-06-18', 1485, 'Bank Transfer');
INSERT INTO Payments (payment_id, order_id, payment_date, amount, payment_method) VALUES (68, 68, '2024-08-21', 292, 'PayPal');
INSERT INTO Payments (payment_id, order_id, payment_date, amount, payment_method) VALUES (69, 69, '2024-08-04', 1597, 'Debit Card');
INSERT INTO Payments (payment_id, order_id, payment_date, amount, payment_method) VALUES (70, 70, '2025-01-29', 1722, 'PayPal');
INSERT INTO Payments (payment_id, order_id, payment_date, amount, payment_method) VALUES (71, 71, '2024-11-29', 1062, 'PayPal');
INSERT INTO Payments (payment_id, order_id, payment_date, amount, payment_method) VALUES (72, 72, '2024-12-14', 291, 'PayPal');
INSERT INTO Payments (payment_id, order_id, payment_date, amount, payment_method) VALUES (73, 73, '2025-06-23', 357, 'PayPal');
INSERT INTO Payments (payment_id, order_id, payment_date, amount, payment_method) VALUES (74, 74, '2025-02-24', 516, 'PayPal');
INSERT INTO Payments (payment_id, order_id, payment_date, amount, payment_method) VALUES (75, 75, '2025-06-18', 595, 'Bank Transfer');
INSERT INTO Payments (payment_id, order_id, payment_date, amount, payment_method) VALUES (76, 76, '2025-06-16', 1320, 'Credit Card');
INSERT INTO Payments (payment_id, order_id, payment_date, amount, payment_method) VALUES (77, 77, '2024-08-13', 1219, 'Credit Card');
INSERT INTO Payments (payment_id, order_id, payment_date, amount, payment_method) VALUES (78, 78, '2025-03-05', 580, 'Credit Card');
INSERT INTO Payments (payment_id, order_id, payment_date, amount, payment_method) VALUES (79, 79, '2025-01-30', 424, 'Debit Card');
INSERT INTO Payments (payment_id, order_id, payment_date, amount, payment_method) VALUES (80, 80, '2024-11-21', 707, 'Debit Card');
INSERT INTO Payments (payment_id, order_id, payment_date, amount, payment_method) VALUES (81, 81, '2025-07-01', 1107, 'Debit Card');
INSERT INTO Payments (payment_id, order_id, payment_date, amount, payment_method) VALUES (82, 82, '2025-01-22', 1967, 'Debit Card');
INSERT INTO Payments (payment_id, order_id, payment_date, amount, payment_method) VALUES (83, 83, '2024-12-16', 1805, 'Debit Card');
INSERT INTO Payments (payment_id, order_id, payment_date, amount, payment_method) VALUES (84, 84, '2024-07-29', 328, 'PayPal');
INSERT INTO Payments (payment_id, order_id, payment_date, amount, payment_method) VALUES (85, 85, '2025-02-20', 677, 'PayPal');
INSERT INTO Payments (payment_id, order_id, payment_date, amount, payment_method) VALUES (86, 86, '2024-07-27', 593, 'Credit Card');
INSERT INTO Payments (payment_id, order_id, payment_date, amount, payment_method) VALUES (87, 87, '2025-06-28', 245, 'PayPal');
INSERT INTO Payments (payment_id, order_id, payment_date, amount, payment_method) VALUES (88, 88, '2024-08-12', 1858, 'Credit Card');
INSERT INTO Payments (payment_id, order_id, payment_date, amount, payment_method) VALUES (89, 89, '2025-02-21', 509, 'Bank Transfer');
INSERT INTO Payments (payment_id, order_id, payment_date, amount, payment_method) VALUES (90, 90, '2024-11-26', 54, 'PayPal');
INSERT INTO Payments (payment_id, order_id, payment_date, amount, payment_method) VALUES (91, 91, '2024-12-06', 1129, 'Bank Transfer');
INSERT INTO Payments (payment_id, order_id, payment_date, amount, payment_method) VALUES (92, 92, '2024-10-30', 515, 'Bank Transfer');
INSERT INTO Payments (payment_id, order_id, payment_date, amount, payment_method) VALUES (93, 93, '2024-09-20', 1872, 'Debit Card');
INSERT INTO Payments (payment_id, order_id, payment_date, amount, payment_method) VALUES (94, 94, '2024-08-07', 1400, 'Debit Card');
INSERT INTO Payments (payment_id, order_id, payment_date, amount, payment_method) VALUES (95, 95, '2024-09-22', 1548, 'Debit Card');
INSERT INTO Payments (payment_id, order_id, payment_date, amount, payment_method) VALUES (96, 96, '2024-11-20', 78, 'PayPal');
INSERT INTO Payments (payment_id, order_id, payment_date, amount, payment_method) VALUES (97, 97, '2024-10-22', 965, 'Credit Card');
INSERT INTO Payments (payment_id, order_id, payment_date, amount, payment_method) VALUES (98, 98, '2025-04-12', 628, 'PayPal');
INSERT INTO Payments (payment_id, order_id, payment_date, amount, payment_method) VALUES (99, 99, '2025-07-15', 637, 'PayPal');
INSERT INTO Payments (payment_id, order_id, payment_date, amount, payment_method) VALUES (100, 100, '2025-04-01', 343, 'Bank Transfer');
INSERT INTO Payments (payment_id, order_id, payment_date, amount, payment_method) VALUES (101, 101, '2024-08-10', 475, 'PayPal');
INSERT INTO Payments (payment_id, order_id, payment_date, amount, payment_method) VALUES (102, 102, '2024-07-24', 454, 'Credit Card');
INSERT INTO Payments (payment_id, order_id, payment_date, amount, payment_method) VALUES (103, 103, '2025-01-27', 1939, 'Debit Card');
INSERT INTO Payments (payment_id, order_id, payment_date, amount, payment_method) VALUES (104, 104, '2024-12-26', 220, 'PayPal');
INSERT INTO Payments (payment_id, order_id, payment_date, amount, payment_method) VALUES (105, 105, '2025-04-26', 1934, 'Debit Card');
INSERT INTO Payments (payment_id, order_id, payment_date, amount, payment_method) VALUES (106, 106, '2025-02-22', 838, 'Debit Card');
INSERT INTO Payments (payment_id, order_id, payment_date, amount, payment_method) VALUES (107, 107, '2024-08-21', 325, 'Bank Transfer');
INSERT INTO Payments (payment_id, order_id, payment_date, amount, payment_method) VALUES (108, 108, '2025-01-31', 1279, 'Credit Card');
INSERT INTO Payments (payment_id, order_id, payment_date, amount, payment_method) VALUES (109, 109, '2024-08-01', 1521, 'PayPal');
INSERT INTO Payments (payment_id, order_id, payment_date, amount, payment_method) VALUES (110, 110, '2025-03-19', 788, 'Bank Transfer');
INSERT INTO Payments (payment_id, order_id, payment_date, amount, payment_method) VALUES (111, 111, '2025-01-02', 1068, 'Bank Transfer');
INSERT INTO Payments (payment_id, order_id, payment_date, amount, payment_method) VALUES (112, 112, '2024-08-24', 234, 'Credit Card');
INSERT INTO Payments (payment_id, order_id, payment_date, amount, payment_method) VALUES (113, 113, '2025-03-25', 1508, 'PayPal');
INSERT INTO Payments (payment_id, order_id, payment_date, amount, payment_method) VALUES (114, 114, '2025-04-28', 1232, 'PayPal');
INSERT INTO Payments (payment_id, order_id, payment_date, amount, payment_method) VALUES (115, 115, '2025-03-23', 1968, 'Bank Transfer');
INSERT INTO Payments (payment_id, order_id, payment_date, amount, payment_method) VALUES (116, 116, '2024-10-20', 1968, 'Credit Card');
INSERT INTO Payments (payment_id, order_id, payment_date, amount, payment_method) VALUES (117, 117, '2025-03-24', 360, 'Debit Card');
INSERT INTO Payments (payment_id, order_id, payment_date, amount, payment_method) VALUES (118, 118, '2024-12-11', 1702, 'Debit Card');
INSERT INTO Payments (payment_id, order_id, payment_date, amount, payment_method) VALUES (119, 119, '2025-01-02', 1391, 'Debit Card');
INSERT INTO Payments (payment_id, order_id, payment_date, amount, payment_method) VALUES (120, 120, '2025-01-05', 851, 'Debit Card');
INSERT INTO Payments (payment_id, order_id, payment_date, amount, payment_method) VALUES (121, 121, '2024-09-28', 207, 'PayPal');
INSERT INTO Payments (payment_id, order_id, payment_date, amount, payment_method) VALUES (122, 122, '2024-07-25', 462, 'Bank Transfer');
INSERT INTO Payments (payment_id, order_id, payment_date, amount, payment_method) VALUES (123, 123, '2024-12-29', 1145, 'Bank Transfer');
INSERT INTO Payments (payment_id, order_id, payment_date, amount, payment_method) VALUES (124, 124, '2025-05-22', 768, 'PayPal');
INSERT INTO Payments (payment_id, order_id, payment_date, amount, payment_method) VALUES (125, 125, '2025-04-28', 639, 'Debit Card');
INSERT INTO Payments (payment_id, order_id, payment_date, amount, payment_method) VALUES (126, 126, '2024-12-22', 654, 'PayPal');
INSERT INTO Payments (payment_id, order_id, payment_date, amount, payment_method) VALUES (127, 127, '2024-11-24', 1303, 'Debit Card');
INSERT INTO Payments (payment_id, order_id, payment_date, amount, payment_method) VALUES (128, 128, '2025-01-20', 1695, 'PayPal');
INSERT INTO Payments (payment_id, order_id, payment_date, amount, payment_method) VALUES (129, 129, '2025-06-14', 1255, 'PayPal');
INSERT INTO Payments (payment_id, order_id, payment_date, amount, payment_method) VALUES (130, 130, '2024-11-02', 955, 'Bank Transfer');
INSERT INTO Payments (payment_id, order_id, payment_date, amount, payment_method) VALUES (131, 131, '2025-03-22', 125, 'Debit Card');
INSERT INTO Payments (payment_id, order_id, payment_date, amount, payment_method) VALUES (132, 132, '2024-10-28', 390, 'Bank Transfer');
INSERT INTO Payments (payment_id, order_id, payment_date, amount, payment_method) VALUES (133, 133, '2025-06-27', 1624, 'Credit Card');
INSERT INTO Payments (payment_id, order_id, payment_date, amount, payment_method) VALUES (134, 134, '2024-08-24', 273, 'Credit Card');
INSERT INTO Payments (payment_id, order_id, payment_date, amount, payment_method) VALUES (135, 135, '2025-02-17', 110, 'Debit Card');
INSERT INTO Payments (payment_id, order_id, payment_date, amount, payment_method) VALUES (136, 136, '2025-03-17', 1206, 'Debit Card');
INSERT INTO Payments (payment_id, order_id, payment_date, amount, payment_method) VALUES (137, 137, '2025-02-18', 788, 'PayPal');
INSERT INTO Payments (payment_id, order_id, payment_date, amount, payment_method) VALUES (138, 138, '2024-11-12', 438, 'Bank Transfer');
INSERT INTO Payments (payment_id, order_id, payment_date, amount, payment_method) VALUES (139, 139, '2024-09-05', 1309, 'Debit Card');
INSERT INTO Payments (payment_id, order_id, payment_date, amount, payment_method) VALUES (140, 140, '2024-08-08', 948, 'Debit Card');
INSERT INTO Payments (payment_id, order_id, payment_date, amount, payment_method) VALUES (141, 141, '2024-10-07', 128, 'Bank Transfer');
INSERT INTO Payments (payment_id, order_id, payment_date, amount, payment_method) VALUES (142, 142, '2024-10-05', 1854, 'Debit Card');
INSERT INTO Payments (payment_id, order_id, payment_date, amount, payment_method) VALUES (143, 143, '2025-06-21', 1772, 'Debit Card');
INSERT INTO Payments (payment_id, order_id, payment_date, amount, payment_method) VALUES (144, 144, '2025-03-06', 1235, 'Debit Card');
INSERT INTO Payments (payment_id, order_id, payment_date, amount, payment_method) VALUES (145, 145, '2024-10-21', 1398, 'Debit Card');
INSERT INTO Payments (payment_id, order_id, payment_date, amount, payment_method) VALUES (146, 146, '2025-02-15', 447, 'Bank Transfer');
INSERT INTO Payments (payment_id, order_id, payment_date, amount, payment_method) VALUES (147, 147, '2025-06-06', 59, 'Debit Card');
INSERT INTO Payments (payment_id, order_id, payment_date, amount, payment_method) VALUES (148, 148, '2024-10-31', 401, 'Bank Transfer');
INSERT INTO Payments (payment_id, order_id, payment_date, amount, payment_method) VALUES (149, 149, '2025-05-26', 305, 'PayPal');
INSERT INTO Payments (payment_id, order_id, payment_date, amount, payment_method) VALUES (150, 150, '2024-12-09', 962, 'Debit Card');
INSERT INTO Payments (payment_id, order_id, payment_date, amount, payment_method) VALUES (151, 151, '2024-11-21', 1980, 'PayPal');
INSERT INTO Payments (payment_id, order_id, payment_date, amount, payment_method) VALUES (152, 152, '2025-05-19', 1532, 'Bank Transfer');
INSERT INTO Payments (payment_id, order_id, payment_date, amount, payment_method) VALUES (153, 153, '2025-03-14', 1419, 'Bank Transfer');
INSERT INTO Payments (payment_id, order_id, payment_date, amount, payment_method) VALUES (154, 154, '2025-01-06', 766, 'Bank Transfer');
INSERT INTO Payments (payment_id, order_id, payment_date, amount, payment_method) VALUES (155, 155, '2025-04-06', 1390, 'Credit Card');
INSERT INTO Payments (payment_id, order_id, payment_date, amount, payment_method) VALUES (156, 156, '2024-10-07', 1672, 'Bank Transfer');
INSERT INTO Payments (payment_id, order_id, payment_date, amount, payment_method) VALUES (157, 157, '2025-03-21', 491, 'Bank Transfer');
INSERT INTO Payments (payment_id, order_id, payment_date, amount, payment_method) VALUES (158, 158, '2025-06-29', 507, 'Credit Card');
INSERT INTO Payments (payment_id, order_id, payment_date, amount, payment_method) VALUES (159, 159, '2024-11-09', 1797, 'Credit Card');
INSERT INTO Payments (payment_id, order_id, payment_date, amount, payment_method) VALUES (160, 160, '2025-05-18', 621, 'Debit Card');
INSERT INTO Payments (payment_id, order_id, payment_date, amount, payment_method) VALUES (161, 161, '2025-02-11', 1579, 'PayPal');
INSERT INTO Payments (payment_id, order_id, payment_date, amount, payment_method) VALUES (162, 162, '2025-04-26', 1352, 'Bank Transfer');
INSERT INTO Payments (payment_id, order_id, payment_date, amount, payment_method) VALUES (163, 163, '2024-10-10', 962, 'Debit Card');
INSERT INTO Payments (payment_id, order_id, payment_date, amount, payment_method) VALUES (164, 164, '2024-10-17', 1863, 'Credit Card');
INSERT INTO Payments (payment_id, order_id, payment_date, amount, payment_method) VALUES (165, 165, '2024-09-29', 350, 'Bank Transfer');
INSERT INTO Payments (payment_id, order_id, payment_date, amount, payment_method) VALUES (166, 166, '2024-08-02', 1134, 'PayPal');
INSERT INTO Payments (payment_id, order_id, payment_date, amount, payment_method) VALUES (167, 167, '2025-05-08', 499, 'Credit Card');
INSERT INTO Payments (payment_id, order_id, payment_date, amount, payment_method) VALUES (168, 168, '2025-07-03', 729, 'Credit Card');
INSERT INTO Payments (payment_id, order_id, payment_date, amount, payment_method) VALUES (169, 169, '2025-04-23', 885, 'Debit Card');
INSERT INTO Payments (payment_id, order_id, payment_date, amount, payment_method) VALUES (170, 170, '2025-04-12', 1146, 'PayPal');
INSERT INTO Payments (payment_id, order_id, payment_date, amount, payment_method) VALUES (171, 171, '2025-01-16', 333, 'Credit Card');
INSERT INTO Payments (payment_id, order_id, payment_date, amount, payment_method) VALUES (172, 172, '2025-06-10', 551, 'Debit Card');
INSERT INTO Payments (payment_id, order_id, payment_date, amount, payment_method) VALUES (173, 173, '2024-08-12', 1877, 'PayPal');
INSERT INTO Payments (payment_id, order_id, payment_date, amount, payment_method) VALUES (174, 174, '2025-06-23', 1451, 'Credit Card');
INSERT INTO Payments (payment_id, order_id, payment_date, amount, payment_method) VALUES (175, 175, '2024-08-11', 248, 'Debit Card');
INSERT INTO Payments (payment_id, order_id, payment_date, amount, payment_method) VALUES (176, 176, '2025-02-25', 1256, 'Debit Card');
INSERT INTO Payments (payment_id, order_id, payment_date, amount, payment_method) VALUES (177, 177, '2025-01-28', 705, 'Bank Transfer');
INSERT INTO Payments (payment_id, order_id, payment_date, amount, payment_method) VALUES (178, 178, '2025-04-14', 333, 'Credit Card');
INSERT INTO Payments (payment_id, order_id, payment_date, amount, payment_method) VALUES (179, 179, '2025-02-03', 1856, 'Bank Transfer');
INSERT INTO Payments (payment_id, order_id, payment_date, amount, payment_method) VALUES (180, 180, '2025-01-30', 165, 'Bank Transfer');
INSERT INTO Payments (payment_id, order_id, payment_date, amount, payment_method) VALUES (181, 181, '2025-04-05', 565, 'Bank Transfer');
INSERT INTO Payments (payment_id, order_id, payment_date, amount, payment_method) VALUES (182, 182, '2025-01-05', 499, 'Bank Transfer');
INSERT INTO Payments (payment_id, order_id, payment_date, amount, payment_method) VALUES (183, 183, '2024-08-31', 1470, 'Bank Transfer');
INSERT INTO Payments (payment_id, order_id, payment_date, amount, payment_method) VALUES (184, 184, '2025-02-16', 1194, 'Credit Card');
INSERT INTO Payments (payment_id, order_id, payment_date, amount, payment_method) VALUES (185, 185, '2024-08-18', 357, 'Bank Transfer');
INSERT INTO Payments (payment_id, order_id, payment_date, amount, payment_method) VALUES (186, 186, '2025-02-13', 513, 'Credit Card');
INSERT INTO Payments (payment_id, order_id, payment_date, amount, payment_method) VALUES (187, 187, '2025-07-08', 1590, 'Bank Transfer');
INSERT INTO Payments (payment_id, order_id, payment_date, amount, payment_method) VALUES (188, 188, '2024-11-09', 52, 'Bank Transfer');
INSERT INTO Payments (payment_id, order_id, payment_date, amount, payment_method) VALUES (189, 189, '2025-06-25', 1450, 'PayPal');
INSERT INTO Payments (payment_id, order_id, payment_date, amount, payment_method) VALUES (190, 190, '2024-11-24', 560, 'Credit Card');
INSERT INTO Payments (payment_id, order_id, payment_date, amount, payment_method) VALUES (191, 191, '2025-07-09', 1058, 'Credit Card');
INSERT INTO Payments (payment_id, order_id, payment_date, amount, payment_method) VALUES (192, 192, '2025-07-09', 134, 'Debit Card');
INSERT INTO Payments (payment_id, order_id, payment_date, amount, payment_method) VALUES (193, 193, '2024-08-10', 563, 'Credit Card');
INSERT INTO Payments (payment_id, order_id, payment_date, amount, payment_method) VALUES (194, 194, '2025-05-18', 1958, 'Bank Transfer');
INSERT INTO Payments (payment_id, order_id, payment_date, amount, payment_method) VALUES (195, 195, '2024-09-09', 1195, 'Bank Transfer');
INSERT INTO Payments (payment_id, order_id, payment_date, amount, payment_method) VALUES (196, 196, '2025-05-05', 1405, 'Bank Transfer');
INSERT INTO Payments (payment_id, order_id, payment_date, amount, payment_method) VALUES (197, 197, '2024-10-19', 1497, 'PayPal');
INSERT INTO Payments (payment_id, order_id, payment_date, amount, payment_method) VALUES (198, 198, '2025-02-16', 356, 'PayPal');
INSERT INTO Payments (payment_id, order_id, payment_date, amount, payment_method) VALUES (199, 199, '2024-11-07', 367, 'Bank Transfer');
INSERT INTO Payments (payment_id, order_id, payment_date, amount, payment_method) VALUES (200, 200, '2024-12-29', 1829, 'Credit Card');
INSERT INTO Payments (payment_id, order_id, payment_date, amount, payment_method) VALUES (201, 201, '2024-12-16', 1259, 'Bank Transfer');
INSERT INTO Payments (payment_id, order_id, payment_date, amount, payment_method) VALUES (202, 202, '2025-03-19', 130, 'Debit Card');
INSERT INTO Payments (payment_id, order_id, payment_date, amount, payment_method) VALUES (203, 203, '2025-04-24', 275, 'PayPal');
INSERT INTO Payments (payment_id, order_id, payment_date, amount, payment_method) VALUES (204, 204, '2025-06-09', 1779, 'Debit Card');
INSERT INTO Payments (payment_id, order_id, payment_date, amount, payment_method) VALUES (205, 205, '2025-02-27', 1029, 'Bank Transfer');
INSERT INTO Payments (payment_id, order_id, payment_date, amount, payment_method) VALUES (206, 206, '2025-06-09', 1737, 'Credit Card');
INSERT INTO Payments (payment_id, order_id, payment_date, amount, payment_method) VALUES (207, 207, '2024-11-10', 793, 'Debit Card');
INSERT INTO Payments (payment_id, order_id, payment_date, amount, payment_method) VALUES (208, 208, '2024-08-25', 1237, 'PayPal');
INSERT INTO Payments (payment_id, order_id, payment_date, amount, payment_method) VALUES (209, 209, '2025-01-19', 1957, 'Bank Transfer');
INSERT INTO Payments (payment_id, order_id, payment_date, amount, payment_method) VALUES (210, 210, '2025-02-16', 1726, 'PayPal');
INSERT INTO Payments (payment_id, order_id, payment_date, amount, payment_method) VALUES (211, 211, '2025-06-16', 1157, 'PayPal');
INSERT INTO Payments (payment_id, order_id, payment_date, amount, payment_method) VALUES (212, 212, '2024-12-12', 644, 'Debit Card');
INSERT INTO Payments (payment_id, order_id, payment_date, amount, payment_method) VALUES (213, 213, '2024-09-03', 875, 'Debit Card');
INSERT INTO Payments (payment_id, order_id, payment_date, amount, payment_method) VALUES (214, 214, '2025-06-13', 214, 'Bank Transfer');
INSERT INTO Payments (payment_id, order_id, payment_date, amount, payment_method) VALUES (215, 215, '2025-04-09', 926, 'Credit Card');
INSERT INTO Payments (payment_id, order_id, payment_date, amount, payment_method) VALUES (216, 216, '2025-03-01', 776, 'Credit Card');
INSERT INTO Payments (payment_id, order_id, payment_date, amount, payment_method) VALUES (217, 217, '2025-01-28', 1653, 'Credit Card');
INSERT INTO Payments (payment_id, order_id, payment_date, amount, payment_method) VALUES (218, 218, '2025-05-11', 112, 'Bank Transfer');
INSERT INTO Payments (payment_id, order_id, payment_date, amount, payment_method) VALUES (219, 219, '2025-02-02', 1293, 'Bank Transfer');
INSERT INTO Payments (payment_id, order_id, payment_date, amount, payment_method) VALUES (220, 220, '2024-08-29', 1751, 'Bank Transfer');
INSERT INTO Payments (payment_id, order_id, payment_date, amount, payment_method) VALUES (221, 221, '2025-01-27', 1870, 'Debit Card');
INSERT INTO Payments (payment_id, order_id, payment_date, amount, payment_method) VALUES (222, 222, '2025-01-16', 724, 'PayPal');
INSERT INTO Payments (payment_id, order_id, payment_date, amount, payment_method) VALUES (223, 223, '2025-06-03', 313, 'Debit Card');
INSERT INTO Payments (payment_id, order_id, payment_date, amount, payment_method) VALUES (224, 224, '2025-02-18', 329, 'Debit Card');
INSERT INTO Payments (payment_id, order_id, payment_date, amount, payment_method) VALUES (225, 225, '2025-04-01', 964, 'Credit Card');
INSERT INTO Payments (payment_id, order_id, payment_date, amount, payment_method) VALUES (226, 226, '2024-09-17', 400, 'Debit Card');
INSERT INTO Payments (payment_id, order_id, payment_date, amount, payment_method) VALUES (227, 227, '2025-01-11', 1324, 'PayPal');
INSERT INTO Payments (payment_id, order_id, payment_date, amount, payment_method) VALUES (228, 228, '2025-01-13', 208, 'Credit Card');
INSERT INTO Payments (payment_id, order_id, payment_date, amount, payment_method) VALUES (229, 229, '2025-04-08', 356, 'Debit Card');
INSERT INTO Payments (payment_id, order_id, payment_date, amount, payment_method) VALUES (230, 230, '2025-07-04', 247, 'PayPal');
INSERT INTO Payments (payment_id, order_id, payment_date, amount, payment_method) VALUES (231, 231, '2024-10-08', 1519, 'Bank Transfer');
INSERT INTO Payments (payment_id, order_id, payment_date, amount, payment_method) VALUES (232, 232, '2025-06-28', 1286, 'Debit Card');
INSERT INTO Payments (payment_id, order_id, payment_date, amount, payment_method) VALUES (233, 233, '2024-11-19', 863, 'PayPal');
INSERT INTO Payments (payment_id, order_id, payment_date, amount, payment_method) VALUES (234, 234, '2024-08-02', 1925, 'Bank Transfer');
INSERT INTO Payments (payment_id, order_id, payment_date, amount, payment_method) VALUES (235, 235, '2025-06-05', 884, 'Credit Card');
INSERT INTO Payments (payment_id, order_id, payment_date, amount, payment_method) VALUES (236, 236, '2024-12-01', 461, 'PayPal');
INSERT INTO Payments (payment_id, order_id, payment_date, amount, payment_method) VALUES (237, 237, '2025-04-03', 1729, 'Debit Card');
INSERT INTO Payments (payment_id, order_id, payment_date, amount, payment_method) VALUES (238, 238, '2025-01-12', 1592, 'Credit Card');
INSERT INTO Payments (payment_id, order_id, payment_date, amount, payment_method) VALUES (239, 239, '2024-09-06', 1166, 'PayPal');
INSERT INTO Payments (payment_id, order_id, payment_date, amount, payment_method) VALUES (240, 240, '2025-05-29', 656, 'PayPal');
INSERT INTO Payments (payment_id, order_id, payment_date, amount, payment_method) VALUES (241, 241, '2024-11-07', 1427, 'Bank Transfer');
INSERT INTO Payments (payment_id, order_id, payment_date, amount, payment_method) VALUES (242, 242, '2024-12-05', 1782, 'Bank Transfer');
INSERT INTO Payments (payment_id, order_id, payment_date, amount, payment_method) VALUES (243, 243, '2025-06-27', 1681, 'Debit Card');
INSERT INTO Payments (payment_id, order_id, payment_date, amount, payment_method) VALUES (244, 244, '2025-07-04', 744, 'Bank Transfer');
INSERT INTO Payments (payment_id, order_id, payment_date, amount, payment_method) VALUES (245, 245, '2025-01-01', 627, 'Debit Card');
INSERT INTO Payments (payment_id, order_id, payment_date, amount, payment_method) VALUES (246, 246, '2025-05-09', 722, 'Bank Transfer');
INSERT INTO Payments (payment_id, order_id, payment_date, amount, payment_method) VALUES (247, 247, '2025-01-05', 330, 'Bank Transfer');
INSERT INTO Payments (payment_id, order_id, payment_date, amount, payment_method) VALUES (248, 248, '2025-05-22', 1324, 'Bank Transfer');
INSERT INTO Payments (payment_id, order_id, payment_date, amount, payment_method) VALUES (249, 249, '2025-01-15', 1318, 'Credit Card');
INSERT INTO Payments (payment_id, order_id, payment_date, amount, payment_method) VALUES (250, 250, '2025-01-06', 936, 'Debit Card');
INSERT INTO Payments (payment_id, order_id, payment_date, amount, payment_method) VALUES (251, 251, '2024-08-12', 717, 'PayPal');
INSERT INTO Payments (payment_id, order_id, payment_date, amount, payment_method) VALUES (252, 252, '2025-02-11', 1275, 'PayPal');
INSERT INTO Payments (payment_id, order_id, payment_date, amount, payment_method) VALUES (253, 253, '2025-01-24', 1875, 'Credit Card');
INSERT INTO Payments (payment_id, order_id, payment_date, amount, payment_method) VALUES (254, 254, '2025-05-01', 70, 'Bank Transfer');
INSERT INTO Payments (payment_id, order_id, payment_date, amount, payment_method) VALUES (255, 255, '2025-03-24', 1134, 'Bank Transfer');
INSERT INTO Payments (payment_id, order_id, payment_date, amount, payment_method) VALUES (256, 256, '2025-01-12', 1128, 'Bank Transfer');
INSERT INTO Payments (payment_id, order_id, payment_date, amount, payment_method) VALUES (257, 257, '2025-04-05', 1470, 'PayPal');
INSERT INTO Payments (payment_id, order_id, payment_date, amount, payment_method) VALUES (258, 258, '2024-07-30', 897, 'Credit Card');
INSERT INTO Payments (payment_id, order_id, payment_date, amount, payment_method) VALUES (259, 259, '2025-05-08', 1109, 'Bank Transfer');
INSERT INTO Payments (payment_id, order_id, payment_date, amount, payment_method) VALUES (260, 260, '2025-02-15', 857, 'PayPal');
INSERT INTO Payments (payment_id, order_id, payment_date, amount, payment_method) VALUES (261, 261, '2024-12-23', 255, 'Debit Card');
INSERT INTO Payments (payment_id, order_id, payment_date, amount, payment_method) VALUES (262, 262, '2025-05-27', 1921, 'Bank Transfer');
INSERT INTO Payments (payment_id, order_id, payment_date, amount, payment_method) VALUES (263, 263, '2024-09-21', 350, 'Bank Transfer');
INSERT INTO Payments (payment_id, order_id, payment_date, amount, payment_method) VALUES (264, 264, '2025-02-24', 156, 'Debit Card');
INSERT INTO Payments (payment_id, order_id, payment_date, amount, payment_method) VALUES (265, 265, '2025-04-20', 312, 'Bank Transfer');
INSERT INTO Payments (payment_id, order_id, payment_date, amount, payment_method) VALUES (266, 266, '2025-04-27', 758, 'PayPal');
INSERT INTO Payments (payment_id, order_id, payment_date, amount, payment_method) VALUES (267, 267, '2025-05-01', 90, 'Credit Card');
INSERT INTO Payments (payment_id, order_id, payment_date, amount, payment_method) VALUES (268, 268, '2025-02-04', 886, 'Debit Card');
INSERT INTO Payments (payment_id, order_id, payment_date, amount, payment_method) VALUES (269, 269, '2025-06-06', 407, 'PayPal');
INSERT INTO Payments (payment_id, order_id, payment_date, amount, payment_method) VALUES (270, 270, '2025-05-07', 597, 'Bank Transfer');
INSERT INTO Payments (payment_id, order_id, payment_date, amount, payment_method) VALUES (271, 271, '2025-04-01', 326, 'PayPal');
INSERT INTO Payments (payment_id, order_id, payment_date, amount, payment_method) VALUES (272, 272, '2025-06-18', 915, 'Debit Card');
INSERT INTO Payments (payment_id, order_id, payment_date, amount, payment_method) VALUES (273, 273, '2024-10-30', 155, 'PayPal');
INSERT INTO Payments (payment_id, order_id, payment_date, amount, payment_method) VALUES (274, 274, '2024-11-05', 1583, 'Bank Transfer');
INSERT INTO Payments (payment_id, order_id, payment_date, amount, payment_method) VALUES (275, 275, '2025-07-23', 702, 'Debit Card');
INSERT INTO Payments (payment_id, order_id, payment_date, amount, payment_method) VALUES (276, 276, '2025-04-30', 531, 'Debit Card');
INSERT INTO Payments (payment_id, order_id, payment_date, amount, payment_method) VALUES (277, 277, '2025-05-07', 1826, 'Credit Card');
INSERT INTO Payments (payment_id, order_id, payment_date, amount, payment_method) VALUES (278, 278, '2025-07-21', 277, 'Credit Card');
INSERT INTO Payments (payment_id, order_id, payment_date, amount, payment_method) VALUES (279, 279, '2025-04-18', 1873, 'Credit Card');
INSERT INTO Payments (payment_id, order_id, payment_date, amount, payment_method) VALUES (280, 280, '2025-06-02', 1110, 'Credit Card');
INSERT INTO Payments (payment_id, order_id, payment_date, amount, payment_method) VALUES (281, 281, '2025-01-03', 1643, 'PayPal');
INSERT INTO Payments (payment_id, order_id, payment_date, amount, payment_method) VALUES (282, 282, '2024-09-04', 825, 'PayPal');
INSERT INTO Payments (payment_id, order_id, payment_date, amount, payment_method) VALUES (283, 283, '2024-11-21', 1989, 'Credit Card');
INSERT INTO Payments (payment_id, order_id, payment_date, amount, payment_method) VALUES (284, 284, '2024-11-01', 961, 'Credit Card');
INSERT INTO Payments (payment_id, order_id, payment_date, amount, payment_method) VALUES (285, 285, '2025-04-01', 818, 'Debit Card');
INSERT INTO Payments (payment_id, order_id, payment_date, amount, payment_method) VALUES (286, 286, '2024-12-01', 1884, 'Credit Card');
INSERT INTO Payments (payment_id, order_id, payment_date, amount, payment_method) VALUES (287, 287, '2024-09-11', 271, 'Debit Card');
INSERT INTO Payments (payment_id, order_id, payment_date, amount, payment_method) VALUES (288, 288, '2024-12-24', 513, 'Debit Card');
INSERT INTO Payments (payment_id, order_id, payment_date, amount, payment_method) VALUES (289, 289, '2024-09-09', 1120, 'PayPal');
INSERT INTO Payments (payment_id, order_id, payment_date, amount, payment_method) VALUES (290, 290, '2025-06-20', 1548, 'Credit Card');
INSERT INTO Payments (payment_id, order_id, payment_date, amount, payment_method) VALUES (291, 291, '2024-08-28', 1920, 'Bank Transfer');
INSERT INTO Payments (payment_id, order_id, payment_date, amount, payment_method) VALUES (292, 292, '2025-04-26', 1271, 'Bank Transfer');
INSERT INTO Payments (payment_id, order_id, payment_date, amount, payment_method) VALUES (293, 293, '2024-09-27', 259, 'Bank Transfer');
INSERT INTO Payments (payment_id, order_id, payment_date, amount, payment_method) VALUES (294, 294, '2024-08-10', 927, 'Credit Card');
INSERT INTO Payments (payment_id, order_id, payment_date, amount, payment_method) VALUES (295, 295, '2025-06-27', 1660, 'Debit Card');
INSERT INTO Payments (payment_id, order_id, payment_date, amount, payment_method) VALUES (296, 296, '2025-01-22', 342, 'Bank Transfer');
INSERT INTO Payments (payment_id, order_id, payment_date, amount, payment_method) VALUES (297, 297, '2025-04-29', 983, 'Credit Card');
INSERT INTO Payments (payment_id, order_id, payment_date, amount, payment_method) VALUES (298, 298, '2025-07-17', 486, 'PayPal');
INSERT INTO Payments (payment_id, order_id, payment_date, amount, payment_method) VALUES (299, 299, '2025-07-22', 1762, 'Credit Card');
INSERT INTO Payments (payment_id, order_id, payment_date, amount, payment_method) VALUES (300, 300, '2025-04-06', 1417, 'Credit Card');
INSERT INTO Payments (payment_id, order_id, payment_date, amount, payment_method) VALUES (301, 301, '2024-09-12', 697, 'PayPal');
INSERT INTO Payments (payment_id, order_id, payment_date, amount, payment_method) VALUES (302, 302, '2024-10-14', 738, 'PayPal');
INSERT INTO Payments (payment_id, order_id, payment_date, amount, payment_method) VALUES (303, 303, '2024-10-20', 404, 'Credit Card');
INSERT INTO Payments (payment_id, order_id, payment_date, amount, payment_method) VALUES (304, 304, '2024-08-17', 796, 'PayPal');
INSERT INTO Payments (payment_id, order_id, payment_date, amount, payment_method) VALUES (305, 305, '2025-06-30', 325, 'Bank Transfer');
INSERT INTO Payments (payment_id, order_id, payment_date, amount, payment_method) VALUES (306, 306, '2025-04-24', 562, 'Credit Card');
INSERT INTO Payments (payment_id, order_id, payment_date, amount, payment_method) VALUES (307, 307, '2025-07-05', 765, 'Credit Card');
INSERT INTO Payments (payment_id, order_id, payment_date, amount, payment_method) VALUES (308, 308, '2024-07-29', 1951, 'Debit Card');
INSERT INTO Payments (payment_id, order_id, payment_date, amount, payment_method) VALUES (309, 309, '2025-07-18', 1191, 'PayPal');
INSERT INTO Payments (payment_id, order_id, payment_date, amount, payment_method) VALUES (310, 310, '2025-07-17', 1746, 'PayPal');
INSERT INTO Payments (payment_id, order_id, payment_date, amount, payment_method) VALUES (311, 311, '2024-09-30', 1679, 'PayPal');
INSERT INTO Payments (payment_id, order_id, payment_date, amount, payment_method) VALUES (312, 312, '2025-06-06', 1513, 'Credit Card');
INSERT INTO Payments (payment_id, order_id, payment_date, amount, payment_method) VALUES (313, 313, '2025-07-04', 812, 'Bank Transfer');
INSERT INTO Payments (payment_id, order_id, payment_date, amount, payment_method) VALUES (314, 314, '2024-09-15', 1793, 'Debit Card');
INSERT INTO Payments (payment_id, order_id, payment_date, amount, payment_method) VALUES (315, 315, '2025-06-18', 1973, 'Bank Transfer');
INSERT INTO Payments (payment_id, order_id, payment_date, amount, payment_method) VALUES (316, 316, '2024-09-21', 1613, 'PayPal');
INSERT INTO Payments (payment_id, order_id, payment_date, amount, payment_method) VALUES (317, 317, '2025-05-19', 555, 'Debit Card');
INSERT INTO Payments (payment_id, order_id, payment_date, amount, payment_method) VALUES (318, 318, '2025-07-12', 972, 'Credit Card');
INSERT INTO Payments (payment_id, order_id, payment_date, amount, payment_method) VALUES (319, 319, '2024-11-25', 1584, 'Credit Card');
INSERT INTO Payments (payment_id, order_id, payment_date, amount, payment_method) VALUES (320, 320, '2025-07-13', 344, 'Bank Transfer');
INSERT INTO Payments (payment_id, order_id, payment_date, amount, payment_method) VALUES (321, 321, '2025-03-07', 1029, 'Credit Card');
INSERT INTO Payments (payment_id, order_id, payment_date, amount, payment_method) VALUES (322, 322, '2025-02-11', 1040, 'Credit Card');
INSERT INTO Payments (payment_id, order_id, payment_date, amount, payment_method) VALUES (323, 323, '2025-04-24', 290, 'Credit Card');
INSERT INTO Payments (payment_id, order_id, payment_date, amount, payment_method) VALUES (324, 324, '2025-02-02', 755, 'PayPal');
INSERT INTO Payments (payment_id, order_id, payment_date, amount, payment_method) VALUES (325, 325, '2025-07-23', 1783, 'PayPal');
INSERT INTO Payments (payment_id, order_id, payment_date, amount, payment_method) VALUES (326, 326, '2024-11-27', 1647, 'PayPal');
INSERT INTO Payments (payment_id, order_id, payment_date, amount, payment_method) VALUES (327, 327, '2025-05-18', 1839, 'Credit Card');
INSERT INTO Payments (payment_id, order_id, payment_date, amount, payment_method) VALUES (328, 328, '2025-04-27', 1063, 'PayPal');
INSERT INTO Payments (payment_id, order_id, payment_date, amount, payment_method) VALUES (329, 329, '2025-05-06', 1428, 'Debit Card');
INSERT INTO Payments (payment_id, order_id, payment_date, amount, payment_method) VALUES (330, 330, '2024-10-14', 1513, 'Credit Card');
INSERT INTO Payments (payment_id, order_id, payment_date, amount, payment_method) VALUES (331, 331, '2024-08-05', 1588, 'Credit Card');
INSERT INTO Payments (payment_id, order_id, payment_date, amount, payment_method) VALUES (332, 332, '2024-11-13', 342, 'PayPal');
INSERT INTO Payments (payment_id, order_id, payment_date, amount, payment_method) VALUES (333, 333, '2025-06-11', 1055, 'Debit Card');
INSERT INTO Payments (payment_id, order_id, payment_date, amount, payment_method) VALUES (334, 334, '2024-08-14', 1407, 'Credit Card');
INSERT INTO Payments (payment_id, order_id, payment_date, amount, payment_method) VALUES (335, 335, '2025-01-18', 1716, 'Credit Card');
INSERT INTO Payments (payment_id, order_id, payment_date, amount, payment_method) VALUES (336, 336, '2025-02-24', 1095, 'Credit Card');
INSERT INTO Payments (payment_id, order_id, payment_date, amount, payment_method) VALUES (337, 337, '2025-04-05', 649, 'Bank Transfer');
INSERT INTO Payments (payment_id, order_id, payment_date, amount, payment_method) VALUES (338, 338, '2025-01-11', 1679, 'Bank Transfer');
INSERT INTO Payments (payment_id, order_id, payment_date, amount, payment_method) VALUES (339, 339, '2024-10-13', 1058, 'Bank Transfer');
INSERT INTO Payments (payment_id, order_id, payment_date, amount, payment_method) VALUES (340, 340, '2024-12-17', 874, 'Bank Transfer');
INSERT INTO Payments (payment_id, order_id, payment_date, amount, payment_method) VALUES (341, 341, '2024-12-29', 904, 'Debit Card');
INSERT INTO Payments (payment_id, order_id, payment_date, amount, payment_method) VALUES (342, 342, '2024-08-21', 456, 'Debit Card');
INSERT INTO Payments (payment_id, order_id, payment_date, amount, payment_method) VALUES (343, 343, '2025-06-14', 590, 'Credit Card');
INSERT INTO Payments (payment_id, order_id, payment_date, amount, payment_method) VALUES (344, 344, '2025-01-01', 723, 'Credit Card');
INSERT INTO Payments (payment_id, order_id, payment_date, amount, payment_method) VALUES (345, 345, '2024-10-06', 726, 'Debit Card');
INSERT INTO Payments (payment_id, order_id, payment_date, amount, payment_method) VALUES (346, 346, '2024-11-27', 1441, 'Debit Card');
INSERT INTO Payments (payment_id, order_id, payment_date, amount, payment_method) VALUES (347, 347, '2025-02-15', 603, 'Bank Transfer');
INSERT INTO Payments (payment_id, order_id, payment_date, amount, payment_method) VALUES (348, 348, '2024-11-14', 498, 'Debit Card');
INSERT INTO Payments (payment_id, order_id, payment_date, amount, payment_method) VALUES (349, 349, '2025-03-30', 545, 'Credit Card');
INSERT INTO Payments (payment_id, order_id, payment_date, amount, payment_method) VALUES (350, 350, '2025-05-06', 1666, 'PayPal');
INSERT INTO Payments (payment_id, order_id, payment_date, amount, payment_method) VALUES (351, 351, '2024-09-26', 191, 'Credit Card');
INSERT INTO Payments (payment_id, order_id, payment_date, amount, payment_method) VALUES (352, 352, '2025-02-20', 1468, 'PayPal');
INSERT INTO Payments (payment_id, order_id, payment_date, amount, payment_method) VALUES (353, 353, '2025-04-08', 1454, 'PayPal');
INSERT INTO Payments (payment_id, order_id, payment_date, amount, payment_method) VALUES (354, 354, '2024-08-26', 864, 'Debit Card');
INSERT INTO Payments (payment_id, order_id, payment_date, amount, payment_method) VALUES (355, 355, '2024-12-09', 1692, 'PayPal');
INSERT INTO Payments (payment_id, order_id, payment_date, amount, payment_method) VALUES (356, 356, '2024-07-26', 630, 'PayPal');
INSERT INTO Payments (payment_id, order_id, payment_date, amount, payment_method) VALUES (357, 357, '2024-08-20', 788, 'Bank Transfer');
INSERT INTO Payments (payment_id, order_id, payment_date, amount, payment_method) VALUES (358, 358, '2025-04-10', 1830, 'PayPal');
INSERT INTO Payments (payment_id, order_id, payment_date, amount, payment_method) VALUES (359, 359, '2025-03-04', 1800, 'PayPal');
INSERT INTO Payments (payment_id, order_id, payment_date, amount, payment_method) VALUES (360, 360, '2025-07-18', 556, 'Bank Transfer');
INSERT INTO Payments (payment_id, order_id, payment_date, amount, payment_method) VALUES (361, 361, '2024-09-05', 1121, 'Bank Transfer');
INSERT INTO Payments (payment_id, order_id, payment_date, amount, payment_method) VALUES (362, 362, '2025-01-25', 1230, 'PayPal');
INSERT INTO Payments (payment_id, order_id, payment_date, amount, payment_method) VALUES (363, 363, '2024-11-20', 1791, 'Credit Card');
INSERT INTO Payments (payment_id, order_id, payment_date, amount, payment_method) VALUES (364, 364, '2024-12-18', 1973, 'Credit Card');
INSERT INTO Payments (payment_id, order_id, payment_date, amount, payment_method) VALUES (365, 365, '2025-03-12', 610, 'Credit Card');
INSERT INTO Payments (payment_id, order_id, payment_date, amount, payment_method) VALUES (366, 366, '2025-02-26', 1828, 'Credit Card');
INSERT INTO Payments (payment_id, order_id, payment_date, amount, payment_method) VALUES (367, 367, '2025-06-16', 1486, 'PayPal');
INSERT INTO Payments (payment_id, order_id, payment_date, amount, payment_method) VALUES (368, 368, '2024-09-13', 1704, 'Credit Card');
INSERT INTO Payments (payment_id, order_id, payment_date, amount, payment_method) VALUES (369, 369, '2025-04-11', 133, 'Bank Transfer');
INSERT INTO Payments (payment_id, order_id, payment_date, amount, payment_method) VALUES (370, 370, '2024-12-22', 321, 'Credit Card');
INSERT INTO Payments (payment_id, order_id, payment_date, amount, payment_method) VALUES (371, 371, '2025-04-20', 1889, 'Bank Transfer');
INSERT INTO Payments (payment_id, order_id, payment_date, amount, payment_method) VALUES (372, 372, '2024-11-25', 1671, 'Debit Card');
INSERT INTO Payments (payment_id, order_id, payment_date, amount, payment_method) VALUES (373, 373, '2024-08-21', 1379, 'Debit Card');
INSERT INTO Payments (payment_id, order_id, payment_date, amount, payment_method) VALUES (374, 374, '2025-01-21', 1573, 'PayPal');
INSERT INTO Payments (payment_id, order_id, payment_date, amount, payment_method) VALUES (375, 375, '2025-07-20', 381, 'Credit Card');
INSERT INTO Payments (payment_id, order_id, payment_date, amount, payment_method) VALUES (376, 376, '2025-06-24', 1773, 'Debit Card');
INSERT INTO Payments (payment_id, order_id, payment_date, amount, payment_method) VALUES (377, 377, '2025-06-01', 1363, 'Debit Card');
INSERT INTO Payments (payment_id, order_id, payment_date, amount, payment_method) VALUES (378, 378, '2024-09-28', 851, 'Bank Transfer');
INSERT INTO Payments (payment_id, order_id, payment_date, amount, payment_method) VALUES (379, 379, '2024-12-18', 1604, 'Bank Transfer');
INSERT INTO Payments (payment_id, order_id, payment_date, amount, payment_method) VALUES (380, 380, '2025-04-11', 98, 'Bank Transfer');
INSERT INTO Payments (payment_id, order_id, payment_date, amount, payment_method) VALUES (381, 381, '2025-06-02', 1910, 'Debit Card');
INSERT INTO Payments (payment_id, order_id, payment_date, amount, payment_method) VALUES (382, 382, '2025-04-29', 1748, 'PayPal');
INSERT INTO Payments (payment_id, order_id, payment_date, amount, payment_method) VALUES (383, 383, '2024-10-28', 1249, 'Debit Card');
INSERT INTO Payments (payment_id, order_id, payment_date, amount, payment_method) VALUES (384, 384, '2025-01-07', 1651, 'Bank Transfer');
INSERT INTO Payments (payment_id, order_id, payment_date, amount, payment_method) VALUES (385, 385, '2025-07-14', 567, 'PayPal');
INSERT INTO Payments (payment_id, order_id, payment_date, amount, payment_method) VALUES (386, 386, '2024-11-18', 134, 'Bank Transfer');
INSERT INTO Payments (payment_id, order_id, payment_date, amount, payment_method) VALUES (387, 387, '2024-10-04', 204, 'Credit Card');
INSERT INTO Payments (payment_id, order_id, payment_date, amount, payment_method) VALUES (388, 388, '2024-12-04', 1126, 'PayPal');
INSERT INTO Payments (payment_id, order_id, payment_date, amount, payment_method) VALUES (389, 389, '2024-08-28', 1014, 'PayPal');
INSERT INTO Payments (payment_id, order_id, payment_date, amount, payment_method) VALUES (390, 390, '2025-01-08', 1085, 'Debit Card');
INSERT INTO Payments (payment_id, order_id, payment_date, amount, payment_method) VALUES (391, 391, '2024-12-25', 923, 'Credit Card');
INSERT INTO Payments (payment_id, order_id, payment_date, amount, payment_method) VALUES (392, 392, '2025-03-22', 1532, 'Credit Card');
INSERT INTO Payments (payment_id, order_id, payment_date, amount, payment_method) VALUES (393, 393, '2024-10-23', 340, 'Debit Card');
INSERT INTO Payments (payment_id, order_id, payment_date, amount, payment_method) VALUES (394, 394, '2025-03-18', 692, 'Bank Transfer');
INSERT INTO Payments (payment_id, order_id, payment_date, amount, payment_method) VALUES (395, 395, '2024-08-07', 1866, 'PayPal');
INSERT INTO Payments (payment_id, order_id, payment_date, amount, payment_method) VALUES (396, 396, '2025-05-16', 1766, 'Bank Transfer');
INSERT INTO Payments (payment_id, order_id, payment_date, amount, payment_method) VALUES (397, 397, '2025-03-27', 612, 'Debit Card');
INSERT INTO Payments (payment_id, order_id, payment_date, amount, payment_method) VALUES (398, 398, '2024-11-16', 464, 'Bank Transfer');
INSERT INTO Payments (payment_id, order_id, payment_date, amount, payment_method) VALUES (399, 399, '2025-05-05', 1147, 'Debit Card');
INSERT INTO Payments (payment_id, order_id, payment_date, amount, payment_method) VALUES (400, 400, '2024-10-31', 1672, 'Bank Transfer');
INSERT INTO Payments (payment_id, order_id, payment_date, amount, payment_method) VALUES (401, 401, '2025-02-18', 1556, 'Debit Card');
INSERT INTO Payments (payment_id, order_id, payment_date, amount, payment_method) VALUES (402, 402, '2025-05-30', 91, 'Bank Transfer');
INSERT INTO Payments (payment_id, order_id, payment_date, amount, payment_method) VALUES (403, 403, '2025-03-03', 679, 'Credit Card');
INSERT INTO Payments (payment_id, order_id, payment_date, amount, payment_method) VALUES (404, 404, '2025-03-15', 1741, 'Bank Transfer');
INSERT INTO Payments (payment_id, order_id, payment_date, amount, payment_method) VALUES (405, 405, '2025-04-05', 597, 'Credit Card');
INSERT INTO Payments (payment_id, order_id, payment_date, amount, payment_method) VALUES (406, 406, '2025-01-21', 1809, 'Credit Card');
INSERT INTO Payments (payment_id, order_id, payment_date, amount, payment_method) VALUES (407, 407, '2024-08-12', 346, 'Credit Card');
INSERT INTO Payments (payment_id, order_id, payment_date, amount, payment_method) VALUES (408, 408, '2024-09-21', 1302, 'Bank Transfer');
INSERT INTO Payments (payment_id, order_id, payment_date, amount, payment_method) VALUES (409, 409, '2025-02-08', 1679, 'Debit Card');
INSERT INTO Payments (payment_id, order_id, payment_date, amount, payment_method) VALUES (410, 410, '2025-05-19', 1336, 'Debit Card');
INSERT INTO Payments (payment_id, order_id, payment_date, amount, payment_method) VALUES (411, 411, '2024-11-28', 875, 'Debit Card');
INSERT INTO Payments (payment_id, order_id, payment_date, amount, payment_method) VALUES (412, 412, '2024-07-28', 960, 'Credit Card');
INSERT INTO Payments (payment_id, order_id, payment_date, amount, payment_method) VALUES (413, 413, '2025-06-23', 397, 'Credit Card');
INSERT INTO Payments (payment_id, order_id, payment_date, amount, payment_method) VALUES (414, 414, '2025-04-15', 796, 'Credit Card');
INSERT INTO Payments (payment_id, order_id, payment_date, amount, payment_method) VALUES (415, 415, '2025-04-06', 1958, 'PayPal');
INSERT INTO Payments (payment_id, order_id, payment_date, amount, payment_method) VALUES (416, 416, '2024-12-06', 1906, 'Debit Card');
INSERT INTO Payments (payment_id, order_id, payment_date, amount, payment_method) VALUES (417, 417, '2024-10-02', 135, 'PayPal');
INSERT INTO Payments (payment_id, order_id, payment_date, amount, payment_method) VALUES (418, 418, '2024-10-14', 867, 'Bank Transfer');
INSERT INTO Payments (payment_id, order_id, payment_date, amount, payment_method) VALUES (419, 419, '2024-11-28', 649, 'Credit Card');
INSERT INTO Payments (payment_id, order_id, payment_date, amount, payment_method) VALUES (420, 420, '2024-12-01', 1877, 'Bank Transfer');
INSERT INTO Payments (payment_id, order_id, payment_date, amount, payment_method) VALUES (421, 421, '2025-05-16', 1780, 'Bank Transfer');
INSERT INTO Payments (payment_id, order_id, payment_date, amount, payment_method) VALUES (422, 422, '2025-05-09', 1828, 'Credit Card');
INSERT INTO Payments (payment_id, order_id, payment_date, amount, payment_method) VALUES (423, 423, '2024-11-03', 1331, 'Bank Transfer');
INSERT INTO Payments (payment_id, order_id, payment_date, amount, payment_method) VALUES (424, 424, '2024-11-26', 1458, 'Bank Transfer');
INSERT INTO Payments (payment_id, order_id, payment_date, amount, payment_method) VALUES (425, 425, '2025-05-05', 1852, 'PayPal');
INSERT INTO Payments (payment_id, order_id, payment_date, amount, payment_method) VALUES (426, 426, '2024-08-23', 561, 'PayPal');
INSERT INTO Payments (payment_id, order_id, payment_date, amount, payment_method) VALUES (427, 427, '2025-06-15', 1821, 'Credit Card');
INSERT INTO Payments (payment_id, order_id, payment_date, amount, payment_method) VALUES (428, 428, '2024-07-29', 1789, 'PayPal');
INSERT INTO Payments (payment_id, order_id, payment_date, amount, payment_method) VALUES (429, 429, '2025-07-18', 564, 'Debit Card');
INSERT INTO Payments (payment_id, order_id, payment_date, amount, payment_method) VALUES (430, 430, '2025-07-22', 603, 'PayPal');
INSERT INTO Payments (payment_id, order_id, payment_date, amount, payment_method) VALUES (431, 431, '2025-01-09', 758, 'Bank Transfer');
INSERT INTO Payments (payment_id, order_id, payment_date, amount, payment_method) VALUES (432, 432, '2024-12-29', 1648, 'Debit Card');
INSERT INTO Payments (payment_id, order_id, payment_date, amount, payment_method) VALUES (433, 433, '2024-08-24', 55, 'PayPal');
INSERT INTO Payments (payment_id, order_id, payment_date, amount, payment_method) VALUES (434, 434, '2024-12-01', 1966, 'Bank Transfer');
INSERT INTO Payments (payment_id, order_id, payment_date, amount, payment_method) VALUES (435, 435, '2024-09-28', 367, 'Bank Transfer');
INSERT INTO Payments (payment_id, order_id, payment_date, amount, payment_method) VALUES (436, 436, '2025-04-02', 899, 'Debit Card');
INSERT INTO Payments (payment_id, order_id, payment_date, amount, payment_method) VALUES (437, 437, '2025-04-26', 82, 'PayPal');
INSERT INTO Payments (payment_id, order_id, payment_date, amount, payment_method) VALUES (438, 438, '2024-09-28', 531, 'Debit Card');
INSERT INTO Payments (payment_id, order_id, payment_date, amount, payment_method) VALUES (439, 439, '2025-04-10', 1077, 'Debit Card');
INSERT INTO Payments (payment_id, order_id, payment_date, amount, payment_method) VALUES (440, 440, '2025-05-18', 824, 'Bank Transfer');
INSERT INTO Payments (payment_id, order_id, payment_date, amount, payment_method) VALUES (441, 441, '2024-12-18', 102, 'Credit Card');
INSERT INTO Payments (payment_id, order_id, payment_date, amount, payment_method) VALUES (442, 442, '2025-03-02', 195, 'Debit Card');
INSERT INTO Payments (payment_id, order_id, payment_date, amount, payment_method) VALUES (443, 443, '2024-11-26', 1264, 'Credit Card');
INSERT INTO Payments (payment_id, order_id, payment_date, amount, payment_method) VALUES (444, 444, '2024-08-10', 692, 'Bank Transfer');
INSERT INTO Payments (payment_id, order_id, payment_date, amount, payment_method) VALUES (445, 445, '2024-11-03', 73, 'Debit Card');
INSERT INTO Payments (payment_id, order_id, payment_date, amount, payment_method) VALUES (446, 446, '2025-01-28', 1641, 'PayPal');
INSERT INTO Payments (payment_id, order_id, payment_date, amount, payment_method) VALUES (447, 447, '2025-07-08', 566, 'PayPal');
INSERT INTO Payments (payment_id, order_id, payment_date, amount, payment_method) VALUES (448, 448, '2025-03-21', 873, 'PayPal');
INSERT INTO Payments (payment_id, order_id, payment_date, amount, payment_method) VALUES (449, 449, '2024-10-18', 359, 'PayPal');
INSERT INTO Payments (payment_id, order_id, payment_date, amount, payment_method) VALUES (450, 450, '2025-04-26', 500, 'Bank Transfer');
INSERT INTO Payments (payment_id, order_id, payment_date, amount, payment_method) VALUES (451, 451, '2024-08-14', 1835, 'Bank Transfer');
INSERT INTO Payments (payment_id, order_id, payment_date, amount, payment_method) VALUES (452, 452, '2025-06-09', 1654, 'Credit Card');
INSERT INTO Payments (payment_id, order_id, payment_date, amount, payment_method) VALUES (453, 453, '2024-10-18', 911, 'Bank Transfer');
INSERT INTO Payments (payment_id, order_id, payment_date, amount, payment_method) VALUES (454, 454, '2025-03-22', 249, 'Debit Card');
INSERT INTO Payments (payment_id, order_id, payment_date, amount, payment_method) VALUES (455, 455, '2025-07-04', 392, 'Bank Transfer');
INSERT INTO Payments (payment_id, order_id, payment_date, amount, payment_method) VALUES (456, 456, '2025-04-09', 222, 'Bank Transfer');
INSERT INTO Payments (payment_id, order_id, payment_date, amount, payment_method) VALUES (457, 457, '2024-10-09', 1315, 'PayPal');
INSERT INTO Payments (payment_id, order_id, payment_date, amount, payment_method) VALUES (458, 458, '2024-09-15', 145, 'Credit Card');
INSERT INTO Payments (payment_id, order_id, payment_date, amount, payment_method) VALUES (459, 459, '2024-11-03', 384, 'Bank Transfer');
INSERT INTO Payments (payment_id, order_id, payment_date, amount, payment_method) VALUES (460, 460, '2024-12-28', 1618, 'Debit Card');
INSERT INTO Payments (payment_id, order_id, payment_date, amount, payment_method) VALUES (461, 461, '2025-01-26', 514, 'PayPal');
INSERT INTO Payments (payment_id, order_id, payment_date, amount, payment_method) VALUES (462, 462, '2024-08-19', 377, 'PayPal');
INSERT INTO Payments (payment_id, order_id, payment_date, amount, payment_method) VALUES (463, 463, '2025-03-20', 1766, 'Debit Card');
INSERT INTO Payments (payment_id, order_id, payment_date, amount, payment_method) VALUES (464, 464, '2025-01-25', 1634, 'Debit Card');
INSERT INTO Payments (payment_id, order_id, payment_date, amount, payment_method) VALUES (465, 465, '2024-10-23', 1614, 'Bank Transfer');
INSERT INTO Payments (payment_id, order_id, payment_date, amount, payment_method) VALUES (466, 466, '2025-06-07', 722, 'Debit Card');
INSERT INTO Payments (payment_id, order_id, payment_date, amount, payment_method) VALUES (467, 467, '2025-03-10', 1379, 'Debit Card');
INSERT INTO Payments (payment_id, order_id, payment_date, amount, payment_method) VALUES (468, 468, '2024-08-15', 475, 'Credit Card');
INSERT INTO Payments (payment_id, order_id, payment_date, amount, payment_method) VALUES (469, 469, '2024-12-28', 977, 'Credit Card');
INSERT INTO Payments (payment_id, order_id, payment_date, amount, payment_method) VALUES (470, 470, '2025-06-17', 189, 'Credit Card');
INSERT INTO Payments (payment_id, order_id, payment_date, amount, payment_method) VALUES (471, 471, '2025-04-19', 1099, 'Debit Card');
INSERT INTO Payments (payment_id, order_id, payment_date, amount, payment_method) VALUES (472, 472, '2024-10-06', 1176, 'Debit Card');
INSERT INTO Payments (payment_id, order_id, payment_date, amount, payment_method) VALUES (473, 473, '2024-10-28', 1685, 'Debit Card');
INSERT INTO Payments (payment_id, order_id, payment_date, amount, payment_method) VALUES (474, 474, '2024-09-20', 1883, 'Bank Transfer');
INSERT INTO Payments (payment_id, order_id, payment_date, amount, payment_method) VALUES (475, 475, '2024-10-11', 1289, 'Bank Transfer');
INSERT INTO Payments (payment_id, order_id, payment_date, amount, payment_method) VALUES (476, 476, '2025-05-03', 260, 'PayPal');
INSERT INTO Payments (payment_id, order_id, payment_date, amount, payment_method) VALUES (477, 477, '2025-02-27', 1159, 'PayPal');
INSERT INTO Payments (payment_id, order_id, payment_date, amount, payment_method) VALUES (478, 478, '2025-05-22', 1674, 'Credit Card');
INSERT INTO Payments (payment_id, order_id, payment_date, amount, payment_method) VALUES (479, 479, '2024-11-15', 1531, 'Debit Card');
INSERT INTO Payments (payment_id, order_id, payment_date, amount, payment_method) VALUES (480, 480, '2024-12-20', 1229, 'PayPal');
INSERT INTO Payments (payment_id, order_id, payment_date, amount, payment_method) VALUES (481, 481, '2024-10-24', 1878, 'Bank Transfer');
INSERT INTO Payments (payment_id, order_id, payment_date, amount, payment_method) VALUES (482, 482, '2025-02-19', 64, 'Debit Card');
INSERT INTO Payments (payment_id, order_id, payment_date, amount, payment_method) VALUES (483, 483, '2025-05-08', 1485, 'Credit Card');
INSERT INTO Payments (payment_id, order_id, payment_date, amount, payment_method) VALUES (484, 484, '2024-11-21', 1199, 'Credit Card');
INSERT INTO Payments (payment_id, order_id, payment_date, amount, payment_method) VALUES (485, 485, '2024-10-20', 1461, 'Bank Transfer');
INSERT INTO Payments (payment_id, order_id, payment_date, amount, payment_method) VALUES (486, 486, '2025-04-17', 529, 'Credit Card');
INSERT INTO Payments (payment_id, order_id, payment_date, amount, payment_method) VALUES (487, 487, '2025-04-06', 1594, 'Credit Card');
INSERT INTO Payments (payment_id, order_id, payment_date, amount, payment_method) VALUES (488, 488, '2024-10-15', 1067, 'Bank Transfer');
INSERT INTO Payments (payment_id, order_id, payment_date, amount, payment_method) VALUES (489, 489, '2025-02-16', 1099, 'Bank Transfer');
INSERT INTO Payments (payment_id, order_id, payment_date, amount, payment_method) VALUES (490, 490, '2024-08-10', 605, 'Credit Card');
INSERT INTO Payments (payment_id, order_id, payment_date, amount, payment_method) VALUES (491, 491, '2025-06-14', 1993, 'Debit Card');
INSERT INTO Payments (payment_id, order_id, payment_date, amount, payment_method) VALUES (492, 492, '2025-03-26', 50, 'Credit Card');
INSERT INTO Payments (payment_id, order_id, payment_date, amount, payment_method) VALUES (493, 493, '2024-08-02', 1733, 'PayPal');
INSERT INTO Payments (payment_id, order_id, payment_date, amount, payment_method) VALUES (494, 494, '2024-08-05', 900, 'Credit Card');
INSERT INTO Payments (payment_id, order_id, payment_date, amount, payment_method) VALUES (495, 495, '2024-10-09', 891, 'Credit Card');
INSERT INTO Payments (payment_id, order_id, payment_date, amount, payment_method) VALUES (496, 496, '2025-07-02', 1307, 'Bank Transfer');
INSERT INTO Payments (payment_id, order_id, payment_date, amount, payment_method) VALUES (497, 497, '2025-07-14', 1976, 'Credit Card');
INSERT INTO Payments (payment_id, order_id, payment_date, amount, payment_method) VALUES (498, 498, '2025-02-06', 1936, 'Bank Transfer');
INSERT INTO Payments (payment_id, order_id, payment_date, amount, payment_method) VALUES (499, 499, '2024-12-20', 54, 'Credit Card');
INSERT INTO Payments (payment_id, order_id, payment_date, amount, payment_method) VALUES (500, 500, '2024-10-21', 988, 'Bank Transfer');
